solid greeting
  facet normal 0 0 -1
    outer loop
      vertex 0 6 0
      vertex 1 7 0
      vertex 1 6 0
    endloop
  endfacet
  facet normal 0 0 -1
    outer loop
      vertex 0 6 0
      vertex 0 7 0
      vertex 1 7 0
    endloop
  endfacet
  facet normal 0 0 1
    outer loop
      vertex 0 6 1
      vertex 1 6 1
      vertex 1 7 1
    endloop
  endfacet
  facet normal 0 0 1
    outer loop
      vertex 0 6 1
      vertex 1 7 1
      vertex 0 7 1
    endloop
  endfacet
  facet normal 0 -1 0
    outer loop
      vertex 0 6 0
      vertex 1 6 0
      vertex 1 6 1
    endloop
  endfacet
  facet normal 0 -1 0
    outer loop
      vertex 0 6 0
      vertex 1 6 1
      vertex 0 6 1
    endloop
  endfacet
  facet normal 1 0 0
    outer loop
      vertex 1 6 0
      vertex 1 7 0
      vertex 1 7 1
    endloop
  endfacet
  facet normal 1 0 0
    outer loop
      vertex 1 6 0
      vertex 1 7 1
      vertex 1 6 1
    endloop
  endfacet
  facet normal 0 1 0
    outer loop
      vertex 1 7 0
      vertex 0 7 0
      vertex 0 7 1
    endloop
  endfacet
  facet normal 0 1 0
    outer loop
      vertex 1 7 0
      vertex 0 7 1
      vertex 1 7 1
    endloop
  endfacet
  facet normal -1 0 0
    outer loop
      vertex 0 7 0
      vertex 0 6 0
      vertex 0 6 1
    endloop
  endfacet
  facet normal -1 0 0
    outer loop
      vertex 0 7 0
      vertex 0 6 1
      vertex 0 7 1
    endloop
  endfacet
  facet normal 0 0 -1
    outer loop
      vertex 4 6 0
      vertex 5 7 0
      vertex 5 6 0
    endloop
  endfacet
  facet normal 0 0 -1
    outer loop
      vertex 4 6 0
      vertex 4 7 0
      vertex 5 7 0
    endloop
  endfacet
  facet normal 0 0 1
    outer loop
      vertex 4 6 1
      vertex 5 6 1
      vertex 5 7 1
    endloop
  endfacet
  facet normal 0 0 1
    outer loop
      vertex 4 6 1
      vertex 5 7 1
      vertex 4 7 1
    endloop
  endfacet
  facet normal 0 -1 0
    outer loop
      vertex 4 6 0
      vertex 5 6 0
      vertex 5 6 1
    endloop
  endfacet
  facet normal 0 -1 0
    outer loop
      vertex 4 6 0
      vertex 5 6 1
      vertex 4 6 1
    endloop
  endfacet
  facet normal 1 0 0
    outer loop
      vertex 5 6 0
      vertex 5 7 0
      vertex 5 7 1
    endloop
  endfacet
  facet normal 1 0 0
    outer loop
      vertex 5 6 0
      vertex 5 7 1
      vertex 5 6 1
    endloop
  endfacet
  facet normal 0 1 0
    outer loop
      vertex 5 7 0
      vertex 4 7 0
      vertex 4 7 1
    endloop
  endfacet
  facet normal 0 1 0
    outer loop
      vertex 5 7 0
      vertex 4 7 1
      vertex 5 7 1
    endloop
  endfacet
  facet normal -1 0 0
    outer loop
      vertex 4 7 0
      vertex 4 6 0
      vertex 4 6 1
    endloop
  endfacet
  facet normal -1 0 0
    outer loop
      vertex 4 7 0
      vertex 4 6 1
      vertex 4 7 1
    endloop
  endfacet
  facet normal 0 0 -1
    outer loop
      vertex 0 5 0
      vertex 1 6 0
      vertex 1 5 0
    endloop
  endfacet
  facet normal 0 0 -1
    outer loop
      vertex 0 5 0
      vertex 0 6 0
      vertex 1 6 0
    endloop
  endfacet
  facet normal 0 0 1
    outer loop
      vertex 0 5 1
      vertex 1 5 1
      vertex 1 6 1
    endloop
  endfacet
  facet normal 0 0 1
    outer loop
      vertex 0 5 1
      vertex 1 6 1
      vertex 0 6 1
    endloop
  endfacet
  facet normal 0 -1 0
    outer loop
      vertex 0 5 0
      vertex 1 5 0
      vertex 1 5 1
    endloop
  endfacet
  facet normal 0 -1 0
    outer loop
      vertex 0 5 0
      vertex 1 5 1
      vertex 0 5 1
    endloop
  endfacet
  facet normal 1 0 0
    outer loop
      vertex 1 5 0
      vertex 1 6 0
      vertex 1 6 1
    endloop
  endfacet
  facet normal 1 0 0
    outer loop
      vertex 1 5 0
      vertex 1 6 1
      vertex 1 5 1
    endloop
  endfacet
  facet normal 0 1 0
    outer loop
      vertex 1 6 0
      vertex 0 6 0
      vertex 0 6 1
    endloop
  endfacet
  facet normal 0 1 0
    outer loop
      vertex 1 6 0
      vertex 0 6 1
      vertex 1 6 1
    endloop
  endfacet
  facet normal -1 0 0
    outer loop
      vertex 0 6 0
      vertex 0 5 0
      vertex 0 5 1
    endloop
  endfacet
  facet normal -1 0 0
    outer loop
      vertex 0 6 0
      vertex 0 5 1
      vertex 0 6 1
    endloop
  endfacet
  facet normal 0 0 -1
    outer loop
      vertex 4 5 0
      vertex 5 6 0
      vertex 5 5 0
    endloop
  endfacet
  facet normal 0 0 -1
    outer loop
      vertex 4 5 0
      vertex 4 6 0
      vertex 5 6 0
    endloop
  endfacet
  facet normal 0 0 1
    outer loop
      vertex 4 5 1
      vertex 5 5 1
      vertex 5 6 1
    endloop
  endfacet
  facet normal 0 0 1
    outer loop
      vertex 4 5 1
      vertex 5 6 1
      vertex 4 6 1
    endloop
  endfacet
  facet normal 0 -1 0
    outer loop
      vertex 4 5 0
      vertex 5 5 0
      vertex 5 5 1
    endloop
  endfacet
  facet normal 0 -1 0
    outer loop
      vertex 4 5 0
      vertex 5 5 1
      vertex 4 5 1
    endloop
  endfacet
  facet normal 1 0 0
    outer loop
      vertex 5 5 0
      vertex 5 6 0
      vertex 5 6 1
    endloop
  endfacet
  facet normal 1 0 0
    outer loop
      vertex 5 5 0
      vertex 5 6 1
      vertex 5 5 1
    endloop
  endfacet
  facet normal 0 1 0
    outer loop
      vertex 5 6 0
      vertex 4 6 0
      vertex 4 6 1
    endloop
  endfacet
  facet normal 0 1 0
    outer loop
      vertex 5 6 0
      vertex 4 6 1
      vertex 5 6 1
    endloop
  endfacet
  facet normal -1 0 0
    outer loop
      vertex 4 6 0
      vertex 4 5 0
      vertex 4 5 1
    endloop
  endfacet
  facet normal -1 0 0
    outer loop
      vertex 4 6 0
      vertex 4 5 1
      vertex 4 6 1
    endloop
  endfacet
  facet normal 0 0 -1
    outer loop
      vertex 0 4 0
      vertex 1 5 0
      vertex 1 4 0
    endloop
  endfacet
  facet normal 0 0 -1
    outer loop
      vertex 0 4 0
      vertex 0 5 0
      vertex 1 5 0
    endloop
  endfacet
  facet normal 0 0 1
    outer loop
      vertex 0 4 1
      vertex 1 4 1
      vertex 1 5 1
    endloop
  endfacet
  facet normal 0 0 1
    outer loop
      vertex 0 4 1
      vertex 1 5 1
      vertex 0 5 1
    endloop
  endfacet
  facet normal 0 -1 0
    outer loop
      vertex 0 4 0
      vertex 1 4 0
      vertex 1 4 1
    endloop
  endfacet
  facet normal 0 -1 0
    outer loop
      vertex 0 4 0
      vertex 1 4 1
      vertex 0 4 1
    endloop
  endfacet
  facet normal 1 0 0
    outer loop
      vertex 1 4 0
      vertex 1 5 0
      vertex 1 5 1
    endloop
  endfacet
  facet normal 1 0 0
    outer loop
      vertex 1 4 0
      vertex 1 5 1
      vertex 1 4 1
    endloop
  endfacet
  facet normal 0 1 0
    outer loop
      vertex 1 5 0
      vertex 0 5 0
      vertex 0 5 1
    endloop
  endfacet
  facet normal 0 1 0
    outer loop
      vertex 1 5 0
      vertex 0 5 1
      vertex 1 5 1
    endloop
  endfacet
  facet normal -1 0 0
    outer loop
      vertex 0 5 0
      vertex 0 4 0
      vertex 0 4 1
    endloop
  endfacet
  facet normal -1 0 0
    outer loop
      vertex 0 5 0
      vertex 0 4 1
      vertex 0 5 1
    endloop
  endfacet
  facet normal 0 0 -1
    outer loop
      vertex 4 4 0
      vertex 5 5 0
      vertex 5 4 0
    endloop
  endfacet
  facet normal 0 0 -1
    outer loop
      vertex 4 4 0
      vertex 4 5 0
      vertex 5 5 0
    endloop
  endfacet
  facet normal 0 0 1
    outer loop
      vertex 4 4 1
      vertex 5 4 1
      vertex 5 5 1
    endloop
  endfacet
  facet normal 0 0 1
    outer loop
      vertex 4 4 1
      vertex 5 5 1
      vertex 4 5 1
    endloop
  endfacet
  facet normal 0 -1 0
    outer loop
      vertex 4 4 0
      vertex 5 4 0
      vertex 5 4 1
    endloop
  endfacet
  facet normal 0 -1 0
    outer loop
      vertex 4 4 0
      vertex 5 4 1
      vertex 4 4 1
    endloop
  endfacet
  facet normal 1 0 0
    outer loop
      vertex 5 4 0
      vertex 5 5 0
      vertex 5 5 1
    endloop
  endfacet
  facet normal 1 0 0
    outer loop
      vertex 5 4 0
      vertex 5 5 1
      vertex 5 4 1
    endloop
  endfacet
  facet normal 0 1 0
    outer loop
      vertex 5 5 0
      vertex 4 5 0
      vertex 4 5 1
    endloop
  endfacet
  facet normal 0 1 0
    outer loop
      vertex 5 5 0
      vertex 4 5 1
      vertex 5 5 1
    endloop
  endfacet
  facet normal -1 0 0
    outer loop
      vertex 4 5 0
      vertex 4 4 0
      vertex 4 4 1
    endloop
  endfacet
  facet normal -1 0 0
    outer loop
      vertex 4 5 0
      vertex 4 4 1
      vertex 4 5 1
    endloop
  endfacet
  facet normal 0 0 -1
    outer loop
      vertex 0 3 0
      vertex 1 4 0
      vertex 1 3 0
    endloop
  endfacet
  facet normal 0 0 -1
    outer loop
      vertex 0 3 0
      vertex 0 4 0
      vertex 1 4 0
    endloop
  endfacet
  facet normal 0 0 1
    outer loop
      vertex 0 3 1
      vertex 1 3 1
      vertex 1 4 1
    endloop
  endfacet
  facet normal 0 0 1
    outer loop
      vertex 0 3 1
      vertex 1 4 1
      vertex 0 4 1
    endloop
  endfacet
  facet normal 0 -1 0
    outer loop
      vertex 0 3 0
      vertex 1 3 0
      vertex 1 3 1
    endloop
  endfacet
  facet normal 0 -1 0
    outer loop
      vertex 0 3 0
      vertex 1 3 1
      vertex 0 3 1
    endloop
  endfacet
  facet normal 1 0 0
    outer loop
      vertex 1 3 0
      vertex 1 4 0
      vertex 1 4 1
    endloop
  endfacet
  facet normal 1 0 0
    outer loop
      vertex 1 3 0
      vertex 1 4 1
      vertex 1 3 1
    endloop
  endfacet
  facet normal 0 1 0
    outer loop
      vertex 1 4 0
      vertex 0 4 0
      vertex 0 4 1
    endloop
  endfacet
  facet normal 0 1 0
    outer loop
      vertex 1 4 0
      vertex 0 4 1
      vertex 1 4 1
    endloop
  endfacet
  facet normal -1 0 0
    outer loop
      vertex 0 4 0
      vertex 0 3 0
      vertex 0 3 1
    endloop
  endfacet
  facet normal -1 0 0
    outer loop
      vertex 0 4 0
      vertex 0 3 1
      vertex 0 4 1
    endloop
  endfacet
  facet normal 0 0 -1
    outer loop
      vertex 1 3 0
      vertex 2 4 0
      vertex 2 3 0
    endloop
  endfacet
  facet normal 0 0 -1
    outer loop
      vertex 1 3 0
      vertex 1 4 0
      vertex 2 4 0
    endloop
  endfacet
  facet normal 0 0 1
    outer loop
      vertex 1 3 1
      vertex 2 3 1
      vertex 2 4 1
    endloop
  endfacet
  facet normal 0 0 1
    outer loop
      vertex 1 3 1
      vertex 2 4 1
      vertex 1 4 1
    endloop
  endfacet
  facet normal 0 -1 0
    outer loop
      vertex 1 3 0
      vertex 2 3 0
      vertex 2 3 1
    endloop
  endfacet
  facet normal 0 -1 0
    outer loop
      vertex 1 3 0
      vertex 2 3 1
      vertex 1 3 1
    endloop
  endfacet
  facet normal 1 0 0
    outer loop
      vertex 2 3 0
      vertex 2 4 0
      vertex 2 4 1
    endloop
  endfacet
  facet normal 1 0 0
    outer loop
      vertex 2 3 0
      vertex 2 4 1
      vertex 2 3 1
    endloop
  endfacet
  facet normal 0 1 0
    outer loop
      vertex 2 4 0
      vertex 1 4 0
      vertex 1 4 1
    endloop
  endfacet
  facet normal 0 1 0
    outer loop
      vertex 2 4 0
      vertex 1 4 1
      vertex 2 4 1
    endloop
  endfacet
  facet normal -1 0 0
    outer loop
      vertex 1 4 0
      vertex 1 3 0
      vertex 1 3 1
    endloop
  endfacet
  facet normal -1 0 0
    outer loop
      vertex 1 4 0
      vertex 1 3 1
      vertex 1 4 1
    endloop
  endfacet
  facet normal 0 0 -1
    outer loop
      vertex 2 3 0
      vertex 3 4 0
      vertex 3 3 0
    endloop
  endfacet
  facet normal 0 0 -1
    outer loop
      vertex 2 3 0
      vertex 2 4 0
      vertex 3 4 0
    endloop
  endfacet
  facet normal 0 0 1
    outer loop
      vertex 2 3 1
      vertex 3 3 1
      vertex 3 4 1
    endloop
  endfacet
  facet normal 0 0 1
    outer loop
      vertex 2 3 1
      vertex 3 4 1
      vertex 2 4 1
    endloop
  endfacet
  facet normal 0 -1 0
    outer loop
      vertex 2 3 0
      vertex 3 3 0
      vertex 3 3 1
    endloop
  endfacet
  facet normal 0 -1 0
    outer loop
      vertex 2 3 0
      vertex 3 3 1
      vertex 2 3 1
    endloop
  endfacet
  facet normal 1 0 0
    outer loop
      vertex 3 3 0
      vertex 3 4 0
      vertex 3 4 1
    endloop
  endfacet
  facet normal 1 0 0
    outer loop
      vertex 3 3 0
      vertex 3 4 1
      vertex 3 3 1
    endloop
  endfacet
  facet normal 0 1 0
    outer loop
      vertex 3 4 0
      vertex 2 4 0
      vertex 2 4 1
    endloop
  endfacet
  facet normal 0 1 0
    outer loop
      vertex 3 4 0
      vertex 2 4 1
      vertex 3 4 1
    endloop
  endfacet
  facet normal -1 0 0
    outer loop
      vertex 2 4 0
      vertex 2 3 0
      vertex 2 3 1
    endloop
  endfacet
  facet normal -1 0 0
    outer loop
      vertex 2 4 0
      vertex 2 3 1
      vertex 2 4 1
    endloop
  endfacet
  facet normal 0 0 -1
    outer loop
      vertex 3 3 0
      vertex 4 4 0
      vertex 4 3 0
    endloop
  endfacet
  facet normal 0 0 -1
    outer loop
      vertex 3 3 0
      vertex 3 4 0
      vertex 4 4 0
    endloop
  endfacet
  facet normal 0 0 1
    outer loop
      vertex 3 3 1
      vertex 4 3 1
      vertex 4 4 1
    endloop
  endfacet
  facet normal 0 0 1
    outer loop
      vertex 3 3 1
      vertex 4 4 1
      vertex 3 4 1
    endloop
  endfacet
  facet normal 0 -1 0
    outer loop
      vertex 3 3 0
      vertex 4 3 0
      vertex 4 3 1
    endloop
  endfacet
  facet normal 0 -1 0
    outer loop
      vertex 3 3 0
      vertex 4 3 1
      vertex 3 3 1
    endloop
  endfacet
  facet normal 1 0 0
    outer loop
      vertex 4 3 0
      vertex 4 4 0
      vertex 4 4 1
    endloop
  endfacet
  facet normal 1 0 0
    outer loop
      vertex 4 3 0
      vertex 4 4 1
      vertex 4 3 1
    endloop
  endfacet
  facet normal 0 1 0
    outer loop
      vertex 4 4 0
      vertex 3 4 0
      vertex 3 4 1
    endloop
  endfacet
  facet normal 0 1 0
    outer loop
      vertex 4 4 0
      vertex 3 4 1
      vertex 4 4 1
    endloop
  endfacet
  facet normal -1 0 0
    outer loop
      vertex 3 4 0
      vertex 3 3 0
      vertex 3 3 1
    endloop
  endfacet
  facet normal -1 0 0
    outer loop
      vertex 3 4 0
      vertex 3 3 1
      vertex 3 4 1
    endloop
  endfacet
  facet normal 0 0 -1
    outer loop
      vertex 4 3 0
      vertex 5 4 0
      vertex 5 3 0
    endloop
  endfacet
  facet normal 0 0 -1
    outer loop
      vertex 4 3 0
      vertex 4 4 0
      vertex 5 4 0
    endloop
  endfacet
  facet normal 0 0 1
    outer loop
      vertex 4 3 1
      vertex 5 3 1
      vertex 5 4 1
    endloop
  endfacet
  facet normal 0 0 1
    outer loop
      vertex 4 3 1
      vertex 5 4 1
      vertex 4 4 1
    endloop
  endfacet
  facet normal 0 -1 0
    outer loop
      vertex 4 3 0
      vertex 5 3 0
      vertex 5 3 1
    endloop
  endfacet
  facet normal 0 -1 0
    outer loop
      vertex 4 3 0
      vertex 5 3 1
      vertex 4 3 1
    endloop
  endfacet
  facet normal 1 0 0
    outer loop
      vertex 5 3 0
      vertex 5 4 0
      vertex 5 4 1
    endloop
  endfacet
  facet normal 1 0 0
    outer loop
      vertex 5 3 0
      vertex 5 4 1
      vertex 5 3 1
    endloop
  endfacet
  facet normal 0 1 0
    outer loop
      vertex 5 4 0
      vertex 4 4 0
      vertex 4 4 1
    endloop
  endfacet
  facet normal 0 1 0
    outer loop
      vertex 5 4 0
      vertex 4 4 1
      vertex 5 4 1
    endloop
  endfacet
  facet normal -1 0 0
    outer loop
      vertex 4 4 0
      vertex 4 3 0
      vertex 4 3 1
    endloop
  endfacet
  facet normal -1 0 0
    outer loop
      vertex 4 4 0
      vertex 4 3 1
      vertex 4 4 1
    endloop
  endfacet
  facet normal 0 0 -1
    outer loop
      vertex 0 2 0
      vertex 1 3 0
      vertex 1 2 0
    endloop
  endfacet
  facet normal 0 0 -1
    outer loop
      vertex 0 2 0
      vertex 0 3 0
      vertex 1 3 0
    endloop
  endfacet
  facet normal 0 0 1
    outer loop
      vertex 0 2 1
      vertex 1 2 1
      vertex 1 3 1
    endloop
  endfacet
  facet normal 0 0 1
    outer loop
      vertex 0 2 1
      vertex 1 3 1
      vertex 0 3 1
    endloop
  endfacet
  facet normal 0 -1 0
    outer loop
      vertex 0 2 0
      vertex 1 2 0
      vertex 1 2 1
    endloop
  endfacet
  facet normal 0 -1 0
    outer loop
      vertex 0 2 0
      vertex 1 2 1
      vertex 0 2 1
    endloop
  endfacet
  facet normal 1 0 0
    outer loop
      vertex 1 2 0
      vertex 1 3 0
      vertex 1 3 1
    endloop
  endfacet
  facet normal 1 0 0
    outer loop
      vertex 1 2 0
      vertex 1 3 1
      vertex 1 2 1
    endloop
  endfacet
  facet normal 0 1 0
    outer loop
      vertex 1 3 0
      vertex 0 3 0
      vertex 0 3 1
    endloop
  endfacet
  facet normal 0 1 0
    outer loop
      vertex 1 3 0
      vertex 0 3 1
      vertex 1 3 1
    endloop
  endfacet
  facet normal -1 0 0
    outer loop
      vertex 0 3 0
      vertex 0 2 0
      vertex 0 2 1
    endloop
  endfacet
  facet normal -1 0 0
    outer loop
      vertex 0 3 0
      vertex 0 2 1
      vertex 0 3 1
    endloop
  endfacet
  facet normal 0 0 -1
    outer loop
      vertex 4 2 0
      vertex 5 3 0
      vertex 5 2 0
    endloop
  endfacet
  facet normal 0 0 -1
    outer loop
      vertex 4 2 0
      vertex 4 3 0
      vertex 5 3 0
    endloop
  endfacet
  facet normal 0 0 1
    outer loop
      vertex 4 2 1
      vertex 5 2 1
      vertex 5 3 1
    endloop
  endfacet
  facet normal 0 0 1
    outer loop
      vertex 4 2 1
      vertex 5 3 1
      vertex 4 3 1
    endloop
  endfacet
  facet normal 0 -1 0
    outer loop
      vertex 4 2 0
      vertex 5 2 0
      vertex 5 2 1
    endloop
  endfacet
  facet normal 0 -1 0
    outer loop
      vertex 4 2 0
      vertex 5 2 1
      vertex 4 2 1
    endloop
  endfacet
  facet normal 1 0 0
    outer loop
      vertex 5 2 0
      vertex 5 3 0
      vertex 5 3 1
    endloop
  endfacet
  facet normal 1 0 0
    outer loop
      vertex 5 2 0
      vertex 5 3 1
      vertex 5 2 1
    endloop
  endfacet
  facet normal 0 1 0
    outer loop
      vertex 5 3 0
      vertex 4 3 0
      vertex 4 3 1
    endloop
  endfacet
  facet normal 0 1 0
    outer loop
      vertex 5 3 0
      vertex 4 3 1
      vertex 5 3 1
    endloop
  endfacet
  facet normal -1 0 0
    outer loop
      vertex 4 3 0
      vertex 4 2 0
      vertex 4 2 1
    endloop
  endfacet
  facet normal -1 0 0
    outer loop
      vertex 4 3 0
      vertex 4 2 1
      vertex 4 3 1
    endloop
  endfacet
  facet normal 0 0 -1
    outer loop
      vertex 0 1 0
      vertex 1 2 0
      vertex 1 1 0
    endloop
  endfacet
  facet normal 0 0 -1
    outer loop
      vertex 0 1 0
      vertex 0 2 0
      vertex 1 2 0
    endloop
  endfacet
  facet normal 0 0 1
    outer loop
      vertex 0 1 1
      vertex 1 1 1
      vertex 1 2 1
    endloop
  endfacet
  facet normal 0 0 1
    outer loop
      vertex 0 1 1
      vertex 1 2 1
      vertex 0 2 1
    endloop
  endfacet
  facet normal 0 -1 0
    outer loop
      vertex 0 1 0
      vertex 1 1 0
      vertex 1 1 1
    endloop
  endfacet
  facet normal 0 -1 0
    outer loop
      vertex 0 1 0
      vertex 1 1 1
      vertex 0 1 1
    endloop
  endfacet
  facet normal 1 0 0
    outer loop
      vertex 1 1 0
      vertex 1 2 0
      vertex 1 2 1
    endloop
  endfacet
  facet normal 1 0 0
    outer loop
      vertex 1 1 0
      vertex 1 2 1
      vertex 1 1 1
    endloop
  endfacet
  facet normal 0 1 0
    outer loop
      vertex 1 2 0
      vertex 0 2 0
      vertex 0 2 1
    endloop
  endfacet
  facet normal 0 1 0
    outer loop
      vertex 1 2 0
      vertex 0 2 1
      vertex 1 2 1
    endloop
  endfacet
  facet normal -1 0 0
    outer loop
      vertex 0 2 0
      vertex 0 1 0
      vertex 0 1 1
    endloop
  endfacet
  facet normal -1 0 0
    outer loop
      vertex 0 2 0
      vertex 0 1 1
      vertex 0 2 1
    endloop
  endfacet
  facet normal 0 0 -1
    outer loop
      vertex 4 1 0
      vertex 5 2 0
      vertex 5 1 0
    endloop
  endfacet
  facet normal 0 0 -1
    outer loop
      vertex 4 1 0
      vertex 4 2 0
      vertex 5 2 0
    endloop
  endfacet
  facet normal 0 0 1
    outer loop
      vertex 4 1 1
      vertex 5 1 1
      vertex 5 2 1
    endloop
  endfacet
  facet normal 0 0 1
    outer loop
      vertex 4 1 1
      vertex 5 2 1
      vertex 4 2 1
    endloop
  endfacet
  facet normal 0 -1 0
    outer loop
      vertex 4 1 0
      vertex 5 1 0
      vertex 5 1 1
    endloop
  endfacet
  facet normal 0 -1 0
    outer loop
      vertex 4 1 0
      vertex 5 1 1
      vertex 4 1 1
    endloop
  endfacet
  facet normal 1 0 0
    outer loop
      vertex 5 1 0
      vertex 5 2 0
      vertex 5 2 1
    endloop
  endfacet
  facet normal 1 0 0
    outer loop
      vertex 5 1 0
      vertex 5 2 1
      vertex 5 1 1
    endloop
  endfacet
  facet normal 0 1 0
    outer loop
      vertex 5 2 0
      vertex 4 2 0
      vertex 4 2 1
    endloop
  endfacet
  facet normal 0 1 0
    outer loop
      vertex 5 2 0
      vertex 4 2 1
      vertex 5 2 1
    endloop
  endfacet
  facet normal -1 0 0
    outer loop
      vertex 4 2 0
      vertex 4 1 0
      vertex 4 1 1
    endloop
  endfacet
  facet normal -1 0 0
    outer loop
      vertex 4 2 0
      vertex 4 1 1
      vertex 4 2 1
    endloop
  endfacet
  facet normal 0 0 -1
    outer loop
      vertex 0 0 0
      vertex 1 1 0
      vertex 1 0 0
    endloop
  endfacet
  facet normal 0 0 -1
    outer loop
      vertex 0 0 0
      vertex 0 1 0
      vertex 1 1 0
    endloop
  endfacet
  facet normal 0 0 1
    outer loop
      vertex 0 0 1
      vertex 1 0 1
      vertex 1 1 1
    endloop
  endfacet
  facet normal 0 0 1
    outer loop
      vertex 0 0 1
      vertex 1 1 1
      vertex 0 1 1
    endloop
  endfacet
  facet normal 0 -1 0
    outer loop
      vertex 0 0 0
      vertex 1 0 0
      vertex 1 0 1
    endloop
  endfacet
  facet normal 0 -1 0
    outer loop
      vertex 0 0 0
      vertex 1 0 1
      vertex 0 0 1
    endloop
  endfacet
  facet normal 1 0 0
    outer loop
      vertex 1 0 0
      vertex 1 1 0
      vertex 1 1 1
    endloop
  endfacet
  facet normal 1 0 0
    outer loop
      vertex 1 0 0
      vertex 1 1 1
      vertex 1 0 1
    endloop
  endfacet
  facet normal 0 1 0
    outer loop
      vertex 1 1 0
      vertex 0 1 0
      vertex 0 1 1
    endloop
  endfacet
  facet normal 0 1 0
    outer loop
      vertex 1 1 0
      vertex 0 1 1
      vertex 1 1 1
    endloop
  endfacet
  facet normal -1 0 0
    outer loop
      vertex 0 1 0
      vertex 0 0 0
      vertex 0 0 1
    endloop
  endfacet
  facet normal -1 0 0
    outer loop
      vertex 0 1 0
      vertex 0 0 1
      vertex 0 1 1
    endloop
  endfacet
  facet normal 0 0 -1
    outer loop
      vertex 4 0 0
      vertex 5 1 0
      vertex 5 0 0
    endloop
  endfacet
  facet normal 0 0 -1
    outer loop
      vertex 4 0 0
      vertex 4 1 0
      vertex 5 1 0
    endloop
  endfacet
  facet normal 0 0 1
    outer loop
      vertex 4 0 1
      vertex 5 0 1
      vertex 5 1 1
    endloop
  endfacet
  facet normal 0 0 1
    outer loop
      vertex 4 0 1
      vertex 5 1 1
      vertex 4 1 1
    endloop
  endfacet
  facet normal 0 -1 0
    outer loop
      vertex 4 0 0
      vertex 5 0 0
      vertex 5 0 1
    endloop
  endfacet
  facet normal 0 -1 0
    outer loop
      vertex 4 0 0
      vertex 5 0 1
      vertex 4 0 1
    endloop
  endfacet
  facet normal 1 0 0
    outer loop
      vertex 5 0 0
      vertex 5 1 0
      vertex 5 1 1
    endloop
  endfacet
  facet normal 1 0 0
    outer loop
      vertex 5 0 0
      vertex 5 1 1
      vertex 5 0 1
    endloop
  endfacet
  facet normal 0 1 0
    outer loop
      vertex 5 1 0
      vertex 4 1 0
      vertex 4 1 1
    endloop
  endfacet
  facet normal 0 1 0
    outer loop
      vertex 5 1 0
      vertex 4 1 1
      vertex 5 1 1
    endloop
  endfacet
  facet normal -1 0 0
    outer loop
      vertex 4 1 0
      vertex 4 0 0
      vertex 4 0 1
    endloop
  endfacet
  facet normal -1 0 0
    outer loop
      vertex 4 1 0
      vertex 4 0 1
      vertex 4 1 1
    endloop
  endfacet
  facet normal 0 0 -1
    outer loop
      vertex 7 5 0
      vertex 8 6 0
      vertex 8 5 0
    endloop
  endfacet
  facet normal 0 0 -1
    outer loop
      vertex 7 5 0
      vertex 7 6 0
      vertex 8 6 0
    endloop
  endfacet
  facet normal 0 0 1
    outer loop
      vertex 7 5 1
      vertex 8 5 1
      vertex 8 6 1
    endloop
  endfacet
  facet normal 0 0 1
    outer loop
      vertex 7 5 1
      vertex 8 6 1
      vertex 7 6 1
    endloop
  endfacet
  facet normal 0 -1 0
    outer loop
      vertex 7 5 0
      vertex 8 5 0
      vertex 8 5 1
    endloop
  endfacet
  facet normal 0 -1 0
    outer loop
      vertex 7 5 0
      vertex 8 5 1
      vertex 7 5 1
    endloop
  endfacet
  facet normal 1 0 0
    outer loop
      vertex 8 5 0
      vertex 8 6 0
      vertex 8 6 1
    endloop
  endfacet
  facet normal 1 0 0
    outer loop
      vertex 8 5 0
      vertex 8 6 1
      vertex 8 5 1
    endloop
  endfacet
  facet normal 0 1 0
    outer loop
      vertex 8 6 0
      vertex 7 6 0
      vertex 7 6 1
    endloop
  endfacet
  facet normal 0 1 0
    outer loop
      vertex 8 6 0
      vertex 7 6 1
      vertex 8 6 1
    endloop
  endfacet
  facet normal -1 0 0
    outer loop
      vertex 7 6 0
      vertex 7 5 0
      vertex 7 5 1
    endloop
  endfacet
  facet normal -1 0 0
    outer loop
      vertex 7 6 0
      vertex 7 5 1
      vertex 7 6 1
    endloop
  endfacet
  facet normal 0 0 -1
    outer loop
      vertex 8 5 0
      vertex 9 6 0
      vertex 9 5 0
    endloop
  endfacet
  facet normal 0 0 -1
    outer loop
      vertex 8 5 0
      vertex 8 6 0
      vertex 9 6 0
    endloop
  endfacet
  facet normal 0 0 1
    outer loop
      vertex 8 5 1
      vertex 9 5 1
      vertex 9 6 1
    endloop
  endfacet
  facet normal 0 0 1
    outer loop
      vertex 8 5 1
      vertex 9 6 1
      vertex 8 6 1
    endloop
  endfacet
  facet normal 0 -1 0
    outer loop
      vertex 8 5 0
      vertex 9 5 0
      vertex 9 5 1
    endloop
  endfacet
  facet normal 0 -1 0
    outer loop
      vertex 8 5 0
      vertex 9 5 1
      vertex 8 5 1
    endloop
  endfacet
  facet normal 1 0 0
    outer loop
      vertex 9 5 0
      vertex 9 6 0
      vertex 9 6 1
    endloop
  endfacet
  facet normal 1 0 0
    outer loop
      vertex 9 5 0
      vertex 9 6 1
      vertex 9 5 1
    endloop
  endfacet
  facet normal 0 1 0
    outer loop
      vertex 9 6 0
      vertex 8 6 0
      vertex 8 6 1
    endloop
  endfacet
  facet normal 0 1 0
    outer loop
      vertex 9 6 0
      vertex 8 6 1
      vertex 9 6 1
    endloop
  endfacet
  facet normal -1 0 0
    outer loop
      vertex 8 6 0
      vertex 8 5 0
      vertex 8 5 1
    endloop
  endfacet
  facet normal -1 0 0
    outer loop
      vertex 8 6 0
      vertex 8 5 1
      vertex 8 6 1
    endloop
  endfacet
  facet normal 0 0 -1
    outer loop
      vertex 9 5 0
      vertex 10 6 0
      vertex 10 5 0
    endloop
  endfacet
  facet normal 0 0 -1
    outer loop
      vertex 9 5 0
      vertex 9 6 0
      vertex 10 6 0
    endloop
  endfacet
  facet normal 0 0 1
    outer loop
      vertex 9 5 1
      vertex 10 5 1
      vertex 10 6 1
    endloop
  endfacet
  facet normal 0 0 1
    outer loop
      vertex 9 5 1
      vertex 10 6 1
      vertex 9 6 1
    endloop
  endfacet
  facet normal 0 -1 0
    outer loop
      vertex 9 5 0
      vertex 10 5 0
      vertex 10 5 1
    endloop
  endfacet
  facet normal 0 -1 0
    outer loop
      vertex 9 5 0
      vertex 10 5 1
      vertex 9 5 1
    endloop
  endfacet
  facet normal 1 0 0
    outer loop
      vertex 10 5 0
      vertex 10 6 0
      vertex 10 6 1
    endloop
  endfacet
  facet normal 1 0 0
    outer loop
      vertex 10 5 0
      vertex 10 6 1
      vertex 10 5 1
    endloop
  endfacet
  facet normal 0 1 0
    outer loop
      vertex 10 6 0
      vertex 9 6 0
      vertex 9 6 1
    endloop
  endfacet
  facet normal 0 1 0
    outer loop
      vertex 10 6 0
      vertex 9 6 1
      vertex 10 6 1
    endloop
  endfacet
  facet normal -1 0 0
    outer loop
      vertex 9 6 0
      vertex 9 5 0
      vertex 9 5 1
    endloop
  endfacet
  facet normal -1 0 0
    outer loop
      vertex 9 6 0
      vertex 9 5 1
      vertex 9 6 1
    endloop
  endfacet
  facet normal 0 0 -1
    outer loop
      vertex 6 4 0
      vertex 7 5 0
      vertex 7 4 0
    endloop
  endfacet
  facet normal 0 0 -1
    outer loop
      vertex 6 4 0
      vertex 6 5 0
      vertex 7 5 0
    endloop
  endfacet
  facet normal 0 0 1
    outer loop
      vertex 6 4 1
      vertex 7 4 1
      vertex 7 5 1
    endloop
  endfacet
  facet normal 0 0 1
    outer loop
      vertex 6 4 1
      vertex 7 5 1
      vertex 6 5 1
    endloop
  endfacet
  facet normal 0 -1 0
    outer loop
      vertex 6 4 0
      vertex 7 4 0
      vertex 7 4 1
    endloop
  endfacet
  facet normal 0 -1 0
    outer loop
      vertex 6 4 0
      vertex 7 4 1
      vertex 6 4 1
    endloop
  endfacet
  facet normal 1 0 0
    outer loop
      vertex 7 4 0
      vertex 7 5 0
      vertex 7 5 1
    endloop
  endfacet
  facet normal 1 0 0
    outer loop
      vertex 7 4 0
      vertex 7 5 1
      vertex 7 4 1
    endloop
  endfacet
  facet normal 0 1 0
    outer loop
      vertex 7 5 0
      vertex 6 5 0
      vertex 6 5 1
    endloop
  endfacet
  facet normal 0 1 0
    outer loop
      vertex 7 5 0
      vertex 6 5 1
      vertex 7 5 1
    endloop
  endfacet
  facet normal -1 0 0
    outer loop
      vertex 6 5 0
      vertex 6 4 0
      vertex 6 4 1
    endloop
  endfacet
  facet normal -1 0 0
    outer loop
      vertex 6 5 0
      vertex 6 4 1
      vertex 6 5 1
    endloop
  endfacet
  facet normal 0 0 -1
    outer loop
      vertex 10 4 0
      vertex 11 5 0
      vertex 11 4 0
    endloop
  endfacet
  facet normal 0 0 -1
    outer loop
      vertex 10 4 0
      vertex 10 5 0
      vertex 11 5 0
    endloop
  endfacet
  facet normal 0 0 1
    outer loop
      vertex 10 4 1
      vertex 11 4 1
      vertex 11 5 1
    endloop
  endfacet
  facet normal 0 0 1
    outer loop
      vertex 10 4 1
      vertex 11 5 1
      vertex 10 5 1
    endloop
  endfacet
  facet normal 0 -1 0
    outer loop
      vertex 10 4 0
      vertex 11 4 0
      vertex 11 4 1
    endloop
  endfacet
  facet normal 0 -1 0
    outer loop
      vertex 10 4 0
      vertex 11 4 1
      vertex 10 4 1
    endloop
  endfacet
  facet normal 1 0 0
    outer loop
      vertex 11 4 0
      vertex 11 5 0
      vertex 11 5 1
    endloop
  endfacet
  facet normal 1 0 0
    outer loop
      vertex 11 4 0
      vertex 11 5 1
      vertex 11 4 1
    endloop
  endfacet
  facet normal 0 1 0
    outer loop
      vertex 11 5 0
      vertex 10 5 0
      vertex 10 5 1
    endloop
  endfacet
  facet normal 0 1 0
    outer loop
      vertex 11 5 0
      vertex 10 5 1
      vertex 11 5 1
    endloop
  endfacet
  facet normal -1 0 0
    outer loop
      vertex 10 5 0
      vertex 10 4 0
      vertex 10 4 1
    endloop
  endfacet
  facet normal -1 0 0
    outer loop
      vertex 10 5 0
      vertex 10 4 1
      vertex 10 5 1
    endloop
  endfacet
  facet normal 0 0 -1
    outer loop
      vertex 6 3 0
      vertex 7 4 0
      vertex 7 3 0
    endloop
  endfacet
  facet normal 0 0 -1
    outer loop
      vertex 6 3 0
      vertex 6 4 0
      vertex 7 4 0
    endloop
  endfacet
  facet normal 0 0 1
    outer loop
      vertex 6 3 1
      vertex 7 3 1
      vertex 7 4 1
    endloop
  endfacet
  facet normal 0 0 1
    outer loop
      vertex 6 3 1
      vertex 7 4 1
      vertex 6 4 1
    endloop
  endfacet
  facet normal 0 -1 0
    outer loop
      vertex 6 3 0
      vertex 7 3 0
      vertex 7 3 1
    endloop
  endfacet
  facet normal 0 -1 0
    outer loop
      vertex 6 3 0
      vertex 7 3 1
      vertex 6 3 1
    endloop
  endfacet
  facet normal 1 0 0
    outer loop
      vertex 7 3 0
      vertex 7 4 0
      vertex 7 4 1
    endloop
  endfacet
  facet normal 1 0 0
    outer loop
      vertex 7 3 0
      vertex 7 4 1
      vertex 7 3 1
    endloop
  endfacet
  facet normal 0 1 0
    outer loop
      vertex 7 4 0
      vertex 6 4 0
      vertex 6 4 1
    endloop
  endfacet
  facet normal 0 1 0
    outer loop
      vertex 7 4 0
      vertex 6 4 1
      vertex 7 4 1
    endloop
  endfacet
  facet normal -1 0 0
    outer loop
      vertex 6 4 0
      vertex 6 3 0
      vertex 6 3 1
    endloop
  endfacet
  facet normal -1 0 0
    outer loop
      vertex 6 4 0
      vertex 6 3 1
      vertex 6 4 1
    endloop
  endfacet
  facet normal 0 0 -1
    outer loop
      vertex 7 3 0
      vertex 8 4 0
      vertex 8 3 0
    endloop
  endfacet
  facet normal 0 0 -1
    outer loop
      vertex 7 3 0
      vertex 7 4 0
      vertex 8 4 0
    endloop
  endfacet
  facet normal 0 0 1
    outer loop
      vertex 7 3 1
      vertex 8 3 1
      vertex 8 4 1
    endloop
  endfacet
  facet normal 0 0 1
    outer loop
      vertex 7 3 1
      vertex 8 4 1
      vertex 7 4 1
    endloop
  endfacet
  facet normal 0 -1 0
    outer loop
      vertex 7 3 0
      vertex 8 3 0
      vertex 8 3 1
    endloop
  endfacet
  facet normal 0 -1 0
    outer loop
      vertex 7 3 0
      vertex 8 3 1
      vertex 7 3 1
    endloop
  endfacet
  facet normal 1 0 0
    outer loop
      vertex 8 3 0
      vertex 8 4 0
      vertex 8 4 1
    endloop
  endfacet
  facet normal 1 0 0
    outer loop
      vertex 8 3 0
      vertex 8 4 1
      vertex 8 3 1
    endloop
  endfacet
  facet normal 0 1 0
    outer loop
      vertex 8 4 0
      vertex 7 4 0
      vertex 7 4 1
    endloop
  endfacet
  facet normal 0 1 0
    outer loop
      vertex 8 4 0
      vertex 7 4 1
      vertex 8 4 1
    endloop
  endfacet
  facet normal -1 0 0
    outer loop
      vertex 7 4 0
      vertex 7 3 0
      vertex 7 3 1
    endloop
  endfacet
  facet normal -1 0 0
    outer loop
      vertex 7 4 0
      vertex 7 3 1
      vertex 7 4 1
    endloop
  endfacet
  facet normal 0 0 -1
    outer loop
      vertex 8 3 0
      vertex 9 4 0
      vertex 9 3 0
    endloop
  endfacet
  facet normal 0 0 -1
    outer loop
      vertex 8 3 0
      vertex 8 4 0
      vertex 9 4 0
    endloop
  endfacet
  facet normal 0 0 1
    outer loop
      vertex 8 3 1
      vertex 9 3 1
      vertex 9 4 1
    endloop
  endfacet
  facet normal 0 0 1
    outer loop
      vertex 8 3 1
      vertex 9 4 1
      vertex 8 4 1
    endloop
  endfacet
  facet normal 0 -1 0
    outer loop
      vertex 8 3 0
      vertex 9 3 0
      vertex 9 3 1
    endloop
  endfacet
  facet normal 0 -1 0
    outer loop
      vertex 8 3 0
      vertex 9 3 1
      vertex 8 3 1
    endloop
  endfacet
  facet normal 1 0 0
    outer loop
      vertex 9 3 0
      vertex 9 4 0
      vertex 9 4 1
    endloop
  endfacet
  facet normal 1 0 0
    outer loop
      vertex 9 3 0
      vertex 9 4 1
      vertex 9 3 1
    endloop
  endfacet
  facet normal 0 1 0
    outer loop
      vertex 9 4 0
      vertex 8 4 0
      vertex 8 4 1
    endloop
  endfacet
  facet normal 0 1 0
    outer loop
      vertex 9 4 0
      vertex 8 4 1
      vertex 9 4 1
    endloop
  endfacet
  facet normal -1 0 0
    outer loop
      vertex 8 4 0
      vertex 8 3 0
      vertex 8 3 1
    endloop
  endfacet
  facet normal -1 0 0
    outer loop
      vertex 8 4 0
      vertex 8 3 1
      vertex 8 4 1
    endloop
  endfacet
  facet normal 0 0 -1
    outer loop
      vertex 9 3 0
      vertex 10 4 0
      vertex 10 3 0
    endloop
  endfacet
  facet normal 0 0 -1
    outer loop
      vertex 9 3 0
      vertex 9 4 0
      vertex 10 4 0
    endloop
  endfacet
  facet normal 0 0 1
    outer loop
      vertex 9 3 1
      vertex 10 3 1
      vertex 10 4 1
    endloop
  endfacet
  facet normal 0 0 1
    outer loop
      vertex 9 3 1
      vertex 10 4 1
      vertex 9 4 1
    endloop
  endfacet
  facet normal 0 -1 0
    outer loop
      vertex 9 3 0
      vertex 10 3 0
      vertex 10 3 1
    endloop
  endfacet
  facet normal 0 -1 0
    outer loop
      vertex 9 3 0
      vertex 10 3 1
      vertex 9 3 1
    endloop
  endfacet
  facet normal 1 0 0
    outer loop
      vertex 10 3 0
      vertex 10 4 0
      vertex 10 4 1
    endloop
  endfacet
  facet normal 1 0 0
    outer loop
      vertex 10 3 0
      vertex 10 4 1
      vertex 10 3 1
    endloop
  endfacet
  facet normal 0 1 0
    outer loop
      vertex 10 4 0
      vertex 9 4 0
      vertex 9 4 1
    endloop
  endfacet
  facet normal 0 1 0
    outer loop
      vertex 10 4 0
      vertex 9 4 1
      vertex 10 4 1
    endloop
  endfacet
  facet normal -1 0 0
    outer loop
      vertex 9 4 0
      vertex 9 3 0
      vertex 9 3 1
    endloop
  endfacet
  facet normal -1 0 0
    outer loop
      vertex 9 4 0
      vertex 9 3 1
      vertex 9 4 1
    endloop
  endfacet
  facet normal 0 0 -1
    outer loop
      vertex 10 3 0
      vertex 11 4 0
      vertex 11 3 0
    endloop
  endfacet
  facet normal 0 0 -1
    outer loop
      vertex 10 3 0
      vertex 10 4 0
      vertex 11 4 0
    endloop
  endfacet
  facet normal 0 0 1
    outer loop
      vertex 10 3 1
      vertex 11 3 1
      vertex 11 4 1
    endloop
  endfacet
  facet normal 0 0 1
    outer loop
      vertex 10 3 1
      vertex 11 4 1
      vertex 10 4 1
    endloop
  endfacet
  facet normal 0 -1 0
    outer loop
      vertex 10 3 0
      vertex 11 3 0
      vertex 11 3 1
    endloop
  endfacet
  facet normal 0 -1 0
    outer loop
      vertex 10 3 0
      vertex 11 3 1
      vertex 10 3 1
    endloop
  endfacet
  facet normal 1 0 0
    outer loop
      vertex 11 3 0
      vertex 11 4 0
      vertex 11 4 1
    endloop
  endfacet
  facet normal 1 0 0
    outer loop
      vertex 11 3 0
      vertex 11 4 1
      vertex 11 3 1
    endloop
  endfacet
  facet normal 0 1 0
    outer loop
      vertex 11 4 0
      vertex 10 4 0
      vertex 10 4 1
    endloop
  endfacet
  facet normal 0 1 0
    outer loop
      vertex 11 4 0
      vertex 10 4 1
      vertex 11 4 1
    endloop
  endfacet
  facet normal -1 0 0
    outer loop
      vertex 10 4 0
      vertex 10 3 0
      vertex 10 3 1
    endloop
  endfacet
  facet normal -1 0 0
    outer loop
      vertex 10 4 0
      vertex 10 3 1
      vertex 10 4 1
    endloop
  endfacet
  facet normal 0 0 -1
    outer loop
      vertex 6 2 0
      vertex 7 3 0
      vertex 7 2 0
    endloop
  endfacet
  facet normal 0 0 -1
    outer loop
      vertex 6 2 0
      vertex 6 3 0
      vertex 7 3 0
    endloop
  endfacet
  facet normal 0 0 1
    outer loop
      vertex 6 2 1
      vertex 7 2 1
      vertex 7 3 1
    endloop
  endfacet
  facet normal 0 0 1
    outer loop
      vertex 6 2 1
      vertex 7 3 1
      vertex 6 3 1
    endloop
  endfacet
  facet normal 0 -1 0
    outer loop
      vertex 6 2 0
      vertex 7 2 0
      vertex 7 2 1
    endloop
  endfacet
  facet normal 0 -1 0
    outer loop
      vertex 6 2 0
      vertex 7 2 1
      vertex 6 2 1
    endloop
  endfacet
  facet normal 1 0 0
    outer loop
      vertex 7 2 0
      vertex 7 3 0
      vertex 7 3 1
    endloop
  endfacet
  facet normal 1 0 0
    outer loop
      vertex 7 2 0
      vertex 7 3 1
      vertex 7 2 1
    endloop
  endfacet
  facet normal 0 1 0
    outer loop
      vertex 7 3 0
      vertex 6 3 0
      vertex 6 3 1
    endloop
  endfacet
  facet normal 0 1 0
    outer loop
      vertex 7 3 0
      vertex 6 3 1
      vertex 7 3 1
    endloop
  endfacet
  facet normal -1 0 0
    outer loop
      vertex 6 3 0
      vertex 6 2 0
      vertex 6 2 1
    endloop
  endfacet
  facet normal -1 0 0
    outer loop
      vertex 6 3 0
      vertex 6 2 1
      vertex 6 3 1
    endloop
  endfacet
  facet normal 0 0 -1
    outer loop
      vertex 6 1 0
      vertex 7 2 0
      vertex 7 1 0
    endloop
  endfacet
  facet normal 0 0 -1
    outer loop
      vertex 6 1 0
      vertex 6 2 0
      vertex 7 2 0
    endloop
  endfacet
  facet normal 0 0 1
    outer loop
      vertex 6 1 1
      vertex 7 1 1
      vertex 7 2 1
    endloop
  endfacet
  facet normal 0 0 1
    outer loop
      vertex 6 1 1
      vertex 7 2 1
      vertex 6 2 1
    endloop
  endfacet
  facet normal 0 -1 0
    outer loop
      vertex 6 1 0
      vertex 7 1 0
      vertex 7 1 1
    endloop
  endfacet
  facet normal 0 -1 0
    outer loop
      vertex 6 1 0
      vertex 7 1 1
      vertex 6 1 1
    endloop
  endfacet
  facet normal 1 0 0
    outer loop
      vertex 7 1 0
      vertex 7 2 0
      vertex 7 2 1
    endloop
  endfacet
  facet normal 1 0 0
    outer loop
      vertex 7 1 0
      vertex 7 2 1
      vertex 7 1 1
    endloop
  endfacet
  facet normal 0 1 0
    outer loop
      vertex 7 2 0
      vertex 6 2 0
      vertex 6 2 1
    endloop
  endfacet
  facet normal 0 1 0
    outer loop
      vertex 7 2 0
      vertex 6 2 1
      vertex 7 2 1
    endloop
  endfacet
  facet normal -1 0 0
    outer loop
      vertex 6 2 0
      vertex 6 1 0
      vertex 6 1 1
    endloop
  endfacet
  facet normal -1 0 0
    outer loop
      vertex 6 2 0
      vertex 6 1 1
      vertex 6 2 1
    endloop
  endfacet
  facet normal 0 0 -1
    outer loop
      vertex 10 1 0
      vertex 11 2 0
      vertex 11 1 0
    endloop
  endfacet
  facet normal 0 0 -1
    outer loop
      vertex 10 1 0
      vertex 10 2 0
      vertex 11 2 0
    endloop
  endfacet
  facet normal 0 0 1
    outer loop
      vertex 10 1 1
      vertex 11 1 1
      vertex 11 2 1
    endloop
  endfacet
  facet normal 0 0 1
    outer loop
      vertex 10 1 1
      vertex 11 2 1
      vertex 10 2 1
    endloop
  endfacet
  facet normal 0 -1 0
    outer loop
      vertex 10 1 0
      vertex 11 1 0
      vertex 11 1 1
    endloop
  endfacet
  facet normal 0 -1 0
    outer loop
      vertex 10 1 0
      vertex 11 1 1
      vertex 10 1 1
    endloop
  endfacet
  facet normal 1 0 0
    outer loop
      vertex 11 1 0
      vertex 11 2 0
      vertex 11 2 1
    endloop
  endfacet
  facet normal 1 0 0
    outer loop
      vertex 11 1 0
      vertex 11 2 1
      vertex 11 1 1
    endloop
  endfacet
  facet normal 0 1 0
    outer loop
      vertex 11 2 0
      vertex 10 2 0
      vertex 10 2 1
    endloop
  endfacet
  facet normal 0 1 0
    outer loop
      vertex 11 2 0
      vertex 10 2 1
      vertex 11 2 1
    endloop
  endfacet
  facet normal -1 0 0
    outer loop
      vertex 10 2 0
      vertex 10 1 0
      vertex 10 1 1
    endloop
  endfacet
  facet normal -1 0 0
    outer loop
      vertex 10 2 0
      vertex 10 1 1
      vertex 10 2 1
    endloop
  endfacet
  facet normal 0 0 -1
    outer loop
      vertex 7 0 0
      vertex 8 1 0
      vertex 8 0 0
    endloop
  endfacet
  facet normal 0 0 -1
    outer loop
      vertex 7 0 0
      vertex 7 1 0
      vertex 8 1 0
    endloop
  endfacet
  facet normal 0 0 1
    outer loop
      vertex 7 0 1
      vertex 8 0 1
      vertex 8 1 1
    endloop
  endfacet
  facet normal 0 0 1
    outer loop
      vertex 7 0 1
      vertex 8 1 1
      vertex 7 1 1
    endloop
  endfacet
  facet normal 0 -1 0
    outer loop
      vertex 7 0 0
      vertex 8 0 0
      vertex 8 0 1
    endloop
  endfacet
  facet normal 0 -1 0
    outer loop
      vertex 7 0 0
      vertex 8 0 1
      vertex 7 0 1
    endloop
  endfacet
  facet normal 1 0 0
    outer loop
      vertex 8 0 0
      vertex 8 1 0
      vertex 8 1 1
    endloop
  endfacet
  facet normal 1 0 0
    outer loop
      vertex 8 0 0
      vertex 8 1 1
      vertex 8 0 1
    endloop
  endfacet
  facet normal 0 1 0
    outer loop
      vertex 8 1 0
      vertex 7 1 0
      vertex 7 1 1
    endloop
  endfacet
  facet normal 0 1 0
    outer loop
      vertex 8 1 0
      vertex 7 1 1
      vertex 8 1 1
    endloop
  endfacet
  facet normal -1 0 0
    outer loop
      vertex 7 1 0
      vertex 7 0 0
      vertex 7 0 1
    endloop
  endfacet
  facet normal -1 0 0
    outer loop
      vertex 7 1 0
      vertex 7 0 1
      vertex 7 1 1
    endloop
  endfacet
  facet normal 0 0 -1
    outer loop
      vertex 8 0 0
      vertex 9 1 0
      vertex 9 0 0
    endloop
  endfacet
  facet normal 0 0 -1
    outer loop
      vertex 8 0 0
      vertex 8 1 0
      vertex 9 1 0
    endloop
  endfacet
  facet normal 0 0 1
    outer loop
      vertex 8 0 1
      vertex 9 0 1
      vertex 9 1 1
    endloop
  endfacet
  facet normal 0 0 1
    outer loop
      vertex 8 0 1
      vertex 9 1 1
      vertex 8 1 1
    endloop
  endfacet
  facet normal 0 -1 0
    outer loop
      vertex 8 0 0
      vertex 9 0 0
      vertex 9 0 1
    endloop
  endfacet
  facet normal 0 -1 0
    outer loop
      vertex 8 0 0
      vertex 9 0 1
      vertex 8 0 1
    endloop
  endfacet
  facet normal 1 0 0
    outer loop
      vertex 9 0 0
      vertex 9 1 0
      vertex 9 1 1
    endloop
  endfacet
  facet normal 1 0 0
    outer loop
      vertex 9 0 0
      vertex 9 1 1
      vertex 9 0 1
    endloop
  endfacet
  facet normal 0 1 0
    outer loop
      vertex 9 1 0
      vertex 8 1 0
      vertex 8 1 1
    endloop
  endfacet
  facet normal 0 1 0
    outer loop
      vertex 9 1 0
      vertex 8 1 1
      vertex 9 1 1
    endloop
  endfacet
  facet normal -1 0 0
    outer loop
      vertex 8 1 0
      vertex 8 0 0
      vertex 8 0 1
    endloop
  endfacet
  facet normal -1 0 0
    outer loop
      vertex 8 1 0
      vertex 8 0 1
      vertex 8 1 1
    endloop
  endfacet
  facet normal 0 0 -1
    outer loop
      vertex 9 0 0
      vertex 10 1 0
      vertex 10 0 0
    endloop
  endfacet
  facet normal 0 0 -1
    outer loop
      vertex 9 0 0
      vertex 9 1 0
      vertex 10 1 0
    endloop
  endfacet
  facet normal 0 0 1
    outer loop
      vertex 9 0 1
      vertex 10 0 1
      vertex 10 1 1
    endloop
  endfacet
  facet normal 0 0 1
    outer loop
      vertex 9 0 1
      vertex 10 1 1
      vertex 9 1 1
    endloop
  endfacet
  facet normal 0 -1 0
    outer loop
      vertex 9 0 0
      vertex 10 0 0
      vertex 10 0 1
    endloop
  endfacet
  facet normal 0 -1 0
    outer loop
      vertex 9 0 0
      vertex 10 0 1
      vertex 9 0 1
    endloop
  endfacet
  facet normal 1 0 0
    outer loop
      vertex 10 0 0
      vertex 10 1 0
      vertex 10 1 1
    endloop
  endfacet
  facet normal 1 0 0
    outer loop
      vertex 10 0 0
      vertex 10 1 1
      vertex 10 0 1
    endloop
  endfacet
  facet normal 0 1 0
    outer loop
      vertex 10 1 0
      vertex 9 1 0
      vertex 9 1 1
    endloop
  endfacet
  facet normal 0 1 0
    outer loop
      vertex 10 1 0
      vertex 9 1 1
      vertex 10 1 1
    endloop
  endfacet
  facet normal -1 0 0
    outer loop
      vertex 9 1 0
      vertex 9 0 0
      vertex 9 0 1
    endloop
  endfacet
  facet normal -1 0 0
    outer loop
      vertex 9 1 0
      vertex 9 0 1
      vertex 9 1 1
    endloop
  endfacet
  facet normal 0 0 -1
    outer loop
      vertex 14 6 0
      vertex 15 7 0
      vertex 15 6 0
    endloop
  endfacet
  facet normal 0 0 -1
    outer loop
      vertex 14 6 0
      vertex 14 7 0
      vertex 15 7 0
    endloop
  endfacet
  facet normal 0 0 1
    outer loop
      vertex 14 6 1
      vertex 15 6 1
      vertex 15 7 1
    endloop
  endfacet
  facet normal 0 0 1
    outer loop
      vertex 14 6 1
      vertex 15 7 1
      vertex 14 7 1
    endloop
  endfacet
  facet normal 0 -1 0
    outer loop
      vertex 14 6 0
      vertex 15 6 0
      vertex 15 6 1
    endloop
  endfacet
  facet normal 0 -1 0
    outer loop
      vertex 14 6 0
      vertex 15 6 1
      vertex 14 6 1
    endloop
  endfacet
  facet normal 1 0 0
    outer loop
      vertex 15 6 0
      vertex 15 7 0
      vertex 15 7 1
    endloop
  endfacet
  facet normal 1 0 0
    outer loop
      vertex 15 6 0
      vertex 15 7 1
      vertex 15 6 1
    endloop
  endfacet
  facet normal 0 1 0
    outer loop
      vertex 15 7 0
      vertex 14 7 0
      vertex 14 7 1
    endloop
  endfacet
  facet normal 0 1 0
    outer loop
      vertex 15 7 0
      vertex 14 7 1
      vertex 15 7 1
    endloop
  endfacet
  facet normal -1 0 0
    outer loop
      vertex 14 7 0
      vertex 14 6 0
      vertex 14 6 1
    endloop
  endfacet
  facet normal -1 0 0
    outer loop
      vertex 14 7 0
      vertex 14 6 1
      vertex 14 7 1
    endloop
  endfacet
  facet normal 0 0 -1
    outer loop
      vertex 15 6 0
      vertex 16 7 0
      vertex 16 6 0
    endloop
  endfacet
  facet normal 0 0 -1
    outer loop
      vertex 15 6 0
      vertex 15 7 0
      vertex 16 7 0
    endloop
  endfacet
  facet normal 0 0 1
    outer loop
      vertex 15 6 1
      vertex 16 6 1
      vertex 16 7 1
    endloop
  endfacet
  facet normal 0 0 1
    outer loop
      vertex 15 6 1
      vertex 16 7 1
      vertex 15 7 1
    endloop
  endfacet
  facet normal 0 -1 0
    outer loop
      vertex 15 6 0
      vertex 16 6 0
      vertex 16 6 1
    endloop
  endfacet
  facet normal 0 -1 0
    outer loop
      vertex 15 6 0
      vertex 16 6 1
      vertex 15 6 1
    endloop
  endfacet
  facet normal 1 0 0
    outer loop
      vertex 16 6 0
      vertex 16 7 0
      vertex 16 7 1
    endloop
  endfacet
  facet normal 1 0 0
    outer loop
      vertex 16 6 0
      vertex 16 7 1
      vertex 16 6 1
    endloop
  endfacet
  facet normal 0 1 0
    outer loop
      vertex 16 7 0
      vertex 15 7 0
      vertex 15 7 1
    endloop
  endfacet
  facet normal 0 1 0
    outer loop
      vertex 16 7 0
      vertex 15 7 1
      vertex 16 7 1
    endloop
  endfacet
  facet normal -1 0 0
    outer loop
      vertex 15 7 0
      vertex 15 6 0
      vertex 15 6 1
    endloop
  endfacet
  facet normal -1 0 0
    outer loop
      vertex 15 7 0
      vertex 15 6 1
      vertex 15 7 1
    endloop
  endfacet
  facet normal 0 0 -1
    outer loop
      vertex 15 5 0
      vertex 16 6 0
      vertex 16 5 0
    endloop
  endfacet
  facet normal 0 0 -1
    outer loop
      vertex 15 5 0
      vertex 15 6 0
      vertex 16 6 0
    endloop
  endfacet
  facet normal 0 0 1
    outer loop
      vertex 15 5 1
      vertex 16 5 1
      vertex 16 6 1
    endloop
  endfacet
  facet normal 0 0 1
    outer loop
      vertex 15 5 1
      vertex 16 6 1
      vertex 15 6 1
    endloop
  endfacet
  facet normal 0 -1 0
    outer loop
      vertex 15 5 0
      vertex 16 5 0
      vertex 16 5 1
    endloop
  endfacet
  facet normal 0 -1 0
    outer loop
      vertex 15 5 0
      vertex 16 5 1
      vertex 15 5 1
    endloop
  endfacet
  facet normal 1 0 0
    outer loop
      vertex 16 5 0
      vertex 16 6 0
      vertex 16 6 1
    endloop
  endfacet
  facet normal 1 0 0
    outer loop
      vertex 16 5 0
      vertex 16 6 1
      vertex 16 5 1
    endloop
  endfacet
  facet normal 0 1 0
    outer loop
      vertex 16 6 0
      vertex 15 6 0
      vertex 15 6 1
    endloop
  endfacet
  facet normal 0 1 0
    outer loop
      vertex 16 6 0
      vertex 15 6 1
      vertex 16 6 1
    endloop
  endfacet
  facet normal -1 0 0
    outer loop
      vertex 15 6 0
      vertex 15 5 0
      vertex 15 5 1
    endloop
  endfacet
  facet normal -1 0 0
    outer loop
      vertex 15 6 0
      vertex 15 5 1
      vertex 15 6 1
    endloop
  endfacet
  facet normal 0 0 -1
    outer loop
      vertex 15 4 0
      vertex 16 5 0
      vertex 16 4 0
    endloop
  endfacet
  facet normal 0 0 -1
    outer loop
      vertex 15 4 0
      vertex 15 5 0
      vertex 16 5 0
    endloop
  endfacet
  facet normal 0 0 1
    outer loop
      vertex 15 4 1
      vertex 16 4 1
      vertex 16 5 1
    endloop
  endfacet
  facet normal 0 0 1
    outer loop
      vertex 15 4 1
      vertex 16 5 1
      vertex 15 5 1
    endloop
  endfacet
  facet normal 0 -1 0
    outer loop
      vertex 15 4 0
      vertex 16 4 0
      vertex 16 4 1
    endloop
  endfacet
  facet normal 0 -1 0
    outer loop
      vertex 15 4 0
      vertex 16 4 1
      vertex 15 4 1
    endloop
  endfacet
  facet normal 1 0 0
    outer loop
      vertex 16 4 0
      vertex 16 5 0
      vertex 16 5 1
    endloop
  endfacet
  facet normal 1 0 0
    outer loop
      vertex 16 4 0
      vertex 16 5 1
      vertex 16 4 1
    endloop
  endfacet
  facet normal 0 1 0
    outer loop
      vertex 16 5 0
      vertex 15 5 0
      vertex 15 5 1
    endloop
  endfacet
  facet normal 0 1 0
    outer loop
      vertex 16 5 0
      vertex 15 5 1
      vertex 16 5 1
    endloop
  endfacet
  facet normal -1 0 0
    outer loop
      vertex 15 5 0
      vertex 15 4 0
      vertex 15 4 1
    endloop
  endfacet
  facet normal -1 0 0
    outer loop
      vertex 15 5 0
      vertex 15 4 1
      vertex 15 5 1
    endloop
  endfacet
  facet normal 0 0 -1
    outer loop
      vertex 15 3 0
      vertex 16 4 0
      vertex 16 3 0
    endloop
  endfacet
  facet normal 0 0 -1
    outer loop
      vertex 15 3 0
      vertex 15 4 0
      vertex 16 4 0
    endloop
  endfacet
  facet normal 0 0 1
    outer loop
      vertex 15 3 1
      vertex 16 3 1
      vertex 16 4 1
    endloop
  endfacet
  facet normal 0 0 1
    outer loop
      vertex 15 3 1
      vertex 16 4 1
      vertex 15 4 1
    endloop
  endfacet
  facet normal 0 -1 0
    outer loop
      vertex 15 3 0
      vertex 16 3 0
      vertex 16 3 1
    endloop
  endfacet
  facet normal 0 -1 0
    outer loop
      vertex 15 3 0
      vertex 16 3 1
      vertex 15 3 1
    endloop
  endfacet
  facet normal 1 0 0
    outer loop
      vertex 16 3 0
      vertex 16 4 0
      vertex 16 4 1
    endloop
  endfacet
  facet normal 1 0 0
    outer loop
      vertex 16 3 0
      vertex 16 4 1
      vertex 16 3 1
    endloop
  endfacet
  facet normal 0 1 0
    outer loop
      vertex 16 4 0
      vertex 15 4 0
      vertex 15 4 1
    endloop
  endfacet
  facet normal 0 1 0
    outer loop
      vertex 16 4 0
      vertex 15 4 1
      vertex 16 4 1
    endloop
  endfacet
  facet normal -1 0 0
    outer loop
      vertex 15 4 0
      vertex 15 3 0
      vertex 15 3 1
    endloop
  endfacet
  facet normal -1 0 0
    outer loop
      vertex 15 4 0
      vertex 15 3 1
      vertex 15 4 1
    endloop
  endfacet
  facet normal 0 0 -1
    outer loop
      vertex 15 2 0
      vertex 16 3 0
      vertex 16 2 0
    endloop
  endfacet
  facet normal 0 0 -1
    outer loop
      vertex 15 2 0
      vertex 15 3 0
      vertex 16 3 0
    endloop
  endfacet
  facet normal 0 0 1
    outer loop
      vertex 15 2 1
      vertex 16 2 1
      vertex 16 3 1
    endloop
  endfacet
  facet normal 0 0 1
    outer loop
      vertex 15 2 1
      vertex 16 3 1
      vertex 15 3 1
    endloop
  endfacet
  facet normal 0 -1 0
    outer loop
      vertex 15 2 0
      vertex 16 2 0
      vertex 16 2 1
    endloop
  endfacet
  facet normal 0 -1 0
    outer loop
      vertex 15 2 0
      vertex 16 2 1
      vertex 15 2 1
    endloop
  endfacet
  facet normal 1 0 0
    outer loop
      vertex 16 2 0
      vertex 16 3 0
      vertex 16 3 1
    endloop
  endfacet
  facet normal 1 0 0
    outer loop
      vertex 16 2 0
      vertex 16 3 1
      vertex 16 2 1
    endloop
  endfacet
  facet normal 0 1 0
    outer loop
      vertex 16 3 0
      vertex 15 3 0
      vertex 15 3 1
    endloop
  endfacet
  facet normal 0 1 0
    outer loop
      vertex 16 3 0
      vertex 15 3 1
      vertex 16 3 1
    endloop
  endfacet
  facet normal -1 0 0
    outer loop
      vertex 15 3 0
      vertex 15 2 0
      vertex 15 2 1
    endloop
  endfacet
  facet normal -1 0 0
    outer loop
      vertex 15 3 0
      vertex 15 2 1
      vertex 15 3 1
    endloop
  endfacet
  facet normal 0 0 -1
    outer loop
      vertex 15 1 0
      vertex 16 2 0
      vertex 16 1 0
    endloop
  endfacet
  facet normal 0 0 -1
    outer loop
      vertex 15 1 0
      vertex 15 2 0
      vertex 16 2 0
    endloop
  endfacet
  facet normal 0 0 1
    outer loop
      vertex 15 1 1
      vertex 16 1 1
      vertex 16 2 1
    endloop
  endfacet
  facet normal 0 0 1
    outer loop
      vertex 15 1 1
      vertex 16 2 1
      vertex 15 2 1
    endloop
  endfacet
  facet normal 0 -1 0
    outer loop
      vertex 15 1 0
      vertex 16 1 0
      vertex 16 1 1
    endloop
  endfacet
  facet normal 0 -1 0
    outer loop
      vertex 15 1 0
      vertex 16 1 1
      vertex 15 1 1
    endloop
  endfacet
  facet normal 1 0 0
    outer loop
      vertex 16 1 0
      vertex 16 2 0
      vertex 16 2 1
    endloop
  endfacet
  facet normal 1 0 0
    outer loop
      vertex 16 1 0
      vertex 16 2 1
      vertex 16 1 1
    endloop
  endfacet
  facet normal 0 1 0
    outer loop
      vertex 16 2 0
      vertex 15 2 0
      vertex 15 2 1
    endloop
  endfacet
  facet normal 0 1 0
    outer loop
      vertex 16 2 0
      vertex 15 2 1
      vertex 16 2 1
    endloop
  endfacet
  facet normal -1 0 0
    outer loop
      vertex 15 2 0
      vertex 15 1 0
      vertex 15 1 1
    endloop
  endfacet
  facet normal -1 0 0
    outer loop
      vertex 15 2 0
      vertex 15 1 1
      vertex 15 2 1
    endloop
  endfacet
  facet normal 0 0 -1
    outer loop
      vertex 14 0 0
      vertex 15 1 0
      vertex 15 0 0
    endloop
  endfacet
  facet normal 0 0 -1
    outer loop
      vertex 14 0 0
      vertex 14 1 0
      vertex 15 1 0
    endloop
  endfacet
  facet normal 0 0 1
    outer loop
      vertex 14 0 1
      vertex 15 0 1
      vertex 15 1 1
    endloop
  endfacet
  facet normal 0 0 1
    outer loop
      vertex 14 0 1
      vertex 15 1 1
      vertex 14 1 1
    endloop
  endfacet
  facet normal 0 -1 0
    outer loop
      vertex 14 0 0
      vertex 15 0 0
      vertex 15 0 1
    endloop
  endfacet
  facet normal 0 -1 0
    outer loop
      vertex 14 0 0
      vertex 15 0 1
      vertex 14 0 1
    endloop
  endfacet
  facet normal 1 0 0
    outer loop
      vertex 15 0 0
      vertex 15 1 0
      vertex 15 1 1
    endloop
  endfacet
  facet normal 1 0 0
    outer loop
      vertex 15 0 0
      vertex 15 1 1
      vertex 15 0 1
    endloop
  endfacet
  facet normal 0 1 0
    outer loop
      vertex 15 1 0
      vertex 14 1 0
      vertex 14 1 1
    endloop
  endfacet
  facet normal 0 1 0
    outer loop
      vertex 15 1 0
      vertex 14 1 1
      vertex 15 1 1
    endloop
  endfacet
  facet normal -1 0 0
    outer loop
      vertex 14 1 0
      vertex 14 0 0
      vertex 14 0 1
    endloop
  endfacet
  facet normal -1 0 0
    outer loop
      vertex 14 1 0
      vertex 14 0 1
      vertex 14 1 1
    endloop
  endfacet
  facet normal 0 0 -1
    outer loop
      vertex 15 0 0
      vertex 16 1 0
      vertex 16 0 0
    endloop
  endfacet
  facet normal 0 0 -1
    outer loop
      vertex 15 0 0
      vertex 15 1 0
      vertex 16 1 0
    endloop
  endfacet
  facet normal 0 0 1
    outer loop
      vertex 15 0 1
      vertex 16 0 1
      vertex 16 1 1
    endloop
  endfacet
  facet normal 0 0 1
    outer loop
      vertex 15 0 1
      vertex 16 1 1
      vertex 15 1 1
    endloop
  endfacet
  facet normal 0 -1 0
    outer loop
      vertex 15 0 0
      vertex 16 0 0
      vertex 16 0 1
    endloop
  endfacet
  facet normal 0 -1 0
    outer loop
      vertex 15 0 0
      vertex 16 0 1
      vertex 15 0 1
    endloop
  endfacet
  facet normal 1 0 0
    outer loop
      vertex 16 0 0
      vertex 16 1 0
      vertex 16 1 1
    endloop
  endfacet
  facet normal 1 0 0
    outer loop
      vertex 16 0 0
      vertex 16 1 1
      vertex 16 0 1
    endloop
  endfacet
  facet normal 0 1 0
    outer loop
      vertex 16 1 0
      vertex 15 1 0
      vertex 15 1 1
    endloop
  endfacet
  facet normal 0 1 0
    outer loop
      vertex 16 1 0
      vertex 15 1 1
      vertex 16 1 1
    endloop
  endfacet
  facet normal -1 0 0
    outer loop
      vertex 15 1 0
      vertex 15 0 0
      vertex 15 0 1
    endloop
  endfacet
  facet normal -1 0 0
    outer loop
      vertex 15 1 0
      vertex 15 0 1
      vertex 15 1 1
    endloop
  endfacet
  facet normal 0 0 -1
    outer loop
      vertex 16 0 0
      vertex 17 1 0
      vertex 17 0 0
    endloop
  endfacet
  facet normal 0 0 -1
    outer loop
      vertex 16 0 0
      vertex 16 1 0
      vertex 17 1 0
    endloop
  endfacet
  facet normal 0 0 1
    outer loop
      vertex 16 0 1
      vertex 17 0 1
      vertex 17 1 1
    endloop
  endfacet
  facet normal 0 0 1
    outer loop
      vertex 16 0 1
      vertex 17 1 1
      vertex 16 1 1
    endloop
  endfacet
  facet normal 0 -1 0
    outer loop
      vertex 16 0 0
      vertex 17 0 0
      vertex 17 0 1
    endloop
  endfacet
  facet normal 0 -1 0
    outer loop
      vertex 16 0 0
      vertex 17 0 1
      vertex 16 0 1
    endloop
  endfacet
  facet normal 1 0 0
    outer loop
      vertex 17 0 0
      vertex 17 1 0
      vertex 17 1 1
    endloop
  endfacet
  facet normal 1 0 0
    outer loop
      vertex 17 0 0
      vertex 17 1 1
      vertex 17 0 1
    endloop
  endfacet
  facet normal 0 1 0
    outer loop
      vertex 17 1 0
      vertex 16 1 0
      vertex 16 1 1
    endloop
  endfacet
  facet normal 0 1 0
    outer loop
      vertex 17 1 0
      vertex 16 1 1
      vertex 17 1 1
    endloop
  endfacet
  facet normal -1 0 0
    outer loop
      vertex 16 1 0
      vertex 16 0 0
      vertex 16 0 1
    endloop
  endfacet
  facet normal -1 0 0
    outer loop
      vertex 16 1 0
      vertex 16 0 1
      vertex 16 1 1
    endloop
  endfacet
  facet normal 0 0 -1
    outer loop
      vertex 20 6 0
      vertex 21 7 0
      vertex 21 6 0
    endloop
  endfacet
  facet normal 0 0 -1
    outer loop
      vertex 20 6 0
      vertex 20 7 0
      vertex 21 7 0
    endloop
  endfacet
  facet normal 0 0 1
    outer loop
      vertex 20 6 1
      vertex 21 6 1
      vertex 21 7 1
    endloop
  endfacet
  facet normal 0 0 1
    outer loop
      vertex 20 6 1
      vertex 21 7 1
      vertex 20 7 1
    endloop
  endfacet
  facet normal 0 -1 0
    outer loop
      vertex 20 6 0
      vertex 21 6 0
      vertex 21 6 1
    endloop
  endfacet
  facet normal 0 -1 0
    outer loop
      vertex 20 6 0
      vertex 21 6 1
      vertex 20 6 1
    endloop
  endfacet
  facet normal 1 0 0
    outer loop
      vertex 21 6 0
      vertex 21 7 0
      vertex 21 7 1
    endloop
  endfacet
  facet normal 1 0 0
    outer loop
      vertex 21 6 0
      vertex 21 7 1
      vertex 21 6 1
    endloop
  endfacet
  facet normal 0 1 0
    outer loop
      vertex 21 7 0
      vertex 20 7 0
      vertex 20 7 1
    endloop
  endfacet
  facet normal 0 1 0
    outer loop
      vertex 21 7 0
      vertex 20 7 1
      vertex 21 7 1
    endloop
  endfacet
  facet normal -1 0 0
    outer loop
      vertex 20 7 0
      vertex 20 6 0
      vertex 20 6 1
    endloop
  endfacet
  facet normal -1 0 0
    outer loop
      vertex 20 7 0
      vertex 20 6 1
      vertex 20 7 1
    endloop
  endfacet
  facet normal 0 0 -1
    outer loop
      vertex 21 6 0
      vertex 22 7 0
      vertex 22 6 0
    endloop
  endfacet
  facet normal 0 0 -1
    outer loop
      vertex 21 6 0
      vertex 21 7 0
      vertex 22 7 0
    endloop
  endfacet
  facet normal 0 0 1
    outer loop
      vertex 21 6 1
      vertex 22 6 1
      vertex 22 7 1
    endloop
  endfacet
  facet normal 0 0 1
    outer loop
      vertex 21 6 1
      vertex 22 7 1
      vertex 21 7 1
    endloop
  endfacet
  facet normal 0 -1 0
    outer loop
      vertex 21 6 0
      vertex 22 6 0
      vertex 22 6 1
    endloop
  endfacet
  facet normal 0 -1 0
    outer loop
      vertex 21 6 0
      vertex 22 6 1
      vertex 21 6 1
    endloop
  endfacet
  facet normal 1 0 0
    outer loop
      vertex 22 6 0
      vertex 22 7 0
      vertex 22 7 1
    endloop
  endfacet
  facet normal 1 0 0
    outer loop
      vertex 22 6 0
      vertex 22 7 1
      vertex 22 6 1
    endloop
  endfacet
  facet normal 0 1 0
    outer loop
      vertex 22 7 0
      vertex 21 7 0
      vertex 21 7 1
    endloop
  endfacet
  facet normal 0 1 0
    outer loop
      vertex 22 7 0
      vertex 21 7 1
      vertex 22 7 1
    endloop
  endfacet
  facet normal -1 0 0
    outer loop
      vertex 21 7 0
      vertex 21 6 0
      vertex 21 6 1
    endloop
  endfacet
  facet normal -1 0 0
    outer loop
      vertex 21 7 0
      vertex 21 6 1
      vertex 21 7 1
    endloop
  endfacet
  facet normal 0 0 -1
    outer loop
      vertex 21 5 0
      vertex 22 6 0
      vertex 22 5 0
    endloop
  endfacet
  facet normal 0 0 -1
    outer loop
      vertex 21 5 0
      vertex 21 6 0
      vertex 22 6 0
    endloop
  endfacet
  facet normal 0 0 1
    outer loop
      vertex 21 5 1
      vertex 22 5 1
      vertex 22 6 1
    endloop
  endfacet
  facet normal 0 0 1
    outer loop
      vertex 21 5 1
      vertex 22 6 1
      vertex 21 6 1
    endloop
  endfacet
  facet normal 0 -1 0
    outer loop
      vertex 21 5 0
      vertex 22 5 0
      vertex 22 5 1
    endloop
  endfacet
  facet normal 0 -1 0
    outer loop
      vertex 21 5 0
      vertex 22 5 1
      vertex 21 5 1
    endloop
  endfacet
  facet normal 1 0 0
    outer loop
      vertex 22 5 0
      vertex 22 6 0
      vertex 22 6 1
    endloop
  endfacet
  facet normal 1 0 0
    outer loop
      vertex 22 5 0
      vertex 22 6 1
      vertex 22 5 1
    endloop
  endfacet
  facet normal 0 1 0
    outer loop
      vertex 22 6 0
      vertex 21 6 0
      vertex 21 6 1
    endloop
  endfacet
  facet normal 0 1 0
    outer loop
      vertex 22 6 0
      vertex 21 6 1
      vertex 22 6 1
    endloop
  endfacet
  facet normal -1 0 0
    outer loop
      vertex 21 6 0
      vertex 21 5 0
      vertex 21 5 1
    endloop
  endfacet
  facet normal -1 0 0
    outer loop
      vertex 21 6 0
      vertex 21 5 1
      vertex 21 6 1
    endloop
  endfacet
  facet normal 0 0 -1
    outer loop
      vertex 21 4 0
      vertex 22 5 0
      vertex 22 4 0
    endloop
  endfacet
  facet normal 0 0 -1
    outer loop
      vertex 21 4 0
      vertex 21 5 0
      vertex 22 5 0
    endloop
  endfacet
  facet normal 0 0 1
    outer loop
      vertex 21 4 1
      vertex 22 4 1
      vertex 22 5 1
    endloop
  endfacet
  facet normal 0 0 1
    outer loop
      vertex 21 4 1
      vertex 22 5 1
      vertex 21 5 1
    endloop
  endfacet
  facet normal 0 -1 0
    outer loop
      vertex 21 4 0
      vertex 22 4 0
      vertex 22 4 1
    endloop
  endfacet
  facet normal 0 -1 0
    outer loop
      vertex 21 4 0
      vertex 22 4 1
      vertex 21 4 1
    endloop
  endfacet
  facet normal 1 0 0
    outer loop
      vertex 22 4 0
      vertex 22 5 0
      vertex 22 5 1
    endloop
  endfacet
  facet normal 1 0 0
    outer loop
      vertex 22 4 0
      vertex 22 5 1
      vertex 22 4 1
    endloop
  endfacet
  facet normal 0 1 0
    outer loop
      vertex 22 5 0
      vertex 21 5 0
      vertex 21 5 1
    endloop
  endfacet
  facet normal 0 1 0
    outer loop
      vertex 22 5 0
      vertex 21 5 1
      vertex 22 5 1
    endloop
  endfacet
  facet normal -1 0 0
    outer loop
      vertex 21 5 0
      vertex 21 4 0
      vertex 21 4 1
    endloop
  endfacet
  facet normal -1 0 0
    outer loop
      vertex 21 5 0
      vertex 21 4 1
      vertex 21 5 1
    endloop
  endfacet
  facet normal 0 0 -1
    outer loop
      vertex 21 3 0
      vertex 22 4 0
      vertex 22 3 0
    endloop
  endfacet
  facet normal 0 0 -1
    outer loop
      vertex 21 3 0
      vertex 21 4 0
      vertex 22 4 0
    endloop
  endfacet
  facet normal 0 0 1
    outer loop
      vertex 21 3 1
      vertex 22 3 1
      vertex 22 4 1
    endloop
  endfacet
  facet normal 0 0 1
    outer loop
      vertex 21 3 1
      vertex 22 4 1
      vertex 21 4 1
    endloop
  endfacet
  facet normal 0 -1 0
    outer loop
      vertex 21 3 0
      vertex 22 3 0
      vertex 22 3 1
    endloop
  endfacet
  facet normal 0 -1 0
    outer loop
      vertex 21 3 0
      vertex 22 3 1
      vertex 21 3 1
    endloop
  endfacet
  facet normal 1 0 0
    outer loop
      vertex 22 3 0
      vertex 22 4 0
      vertex 22 4 1
    endloop
  endfacet
  facet normal 1 0 0
    outer loop
      vertex 22 3 0
      vertex 22 4 1
      vertex 22 3 1
    endloop
  endfacet
  facet normal 0 1 0
    outer loop
      vertex 22 4 0
      vertex 21 4 0
      vertex 21 4 1
    endloop
  endfacet
  facet normal 0 1 0
    outer loop
      vertex 22 4 0
      vertex 21 4 1
      vertex 22 4 1
    endloop
  endfacet
  facet normal -1 0 0
    outer loop
      vertex 21 4 0
      vertex 21 3 0
      vertex 21 3 1
    endloop
  endfacet
  facet normal -1 0 0
    outer loop
      vertex 21 4 0
      vertex 21 3 1
      vertex 21 4 1
    endloop
  endfacet
  facet normal 0 0 -1
    outer loop
      vertex 21 2 0
      vertex 22 3 0
      vertex 22 2 0
    endloop
  endfacet
  facet normal 0 0 -1
    outer loop
      vertex 21 2 0
      vertex 21 3 0
      vertex 22 3 0
    endloop
  endfacet
  facet normal 0 0 1
    outer loop
      vertex 21 2 1
      vertex 22 2 1
      vertex 22 3 1
    endloop
  endfacet
  facet normal 0 0 1
    outer loop
      vertex 21 2 1
      vertex 22 3 1
      vertex 21 3 1
    endloop
  endfacet
  facet normal 0 -1 0
    outer loop
      vertex 21 2 0
      vertex 22 2 0
      vertex 22 2 1
    endloop
  endfacet
  facet normal 0 -1 0
    outer loop
      vertex 21 2 0
      vertex 22 2 1
      vertex 21 2 1
    endloop
  endfacet
  facet normal 1 0 0
    outer loop
      vertex 22 2 0
      vertex 22 3 0
      vertex 22 3 1
    endloop
  endfacet
  facet normal 1 0 0
    outer loop
      vertex 22 2 0
      vertex 22 3 1
      vertex 22 2 1
    endloop
  endfacet
  facet normal 0 1 0
    outer loop
      vertex 22 3 0
      vertex 21 3 0
      vertex 21 3 1
    endloop
  endfacet
  facet normal 0 1 0
    outer loop
      vertex 22 3 0
      vertex 21 3 1
      vertex 22 3 1
    endloop
  endfacet
  facet normal -1 0 0
    outer loop
      vertex 21 3 0
      vertex 21 2 0
      vertex 21 2 1
    endloop
  endfacet
  facet normal -1 0 0
    outer loop
      vertex 21 3 0
      vertex 21 2 1
      vertex 21 3 1
    endloop
  endfacet
  facet normal 0 0 -1
    outer loop
      vertex 21 1 0
      vertex 22 2 0
      vertex 22 1 0
    endloop
  endfacet
  facet normal 0 0 -1
    outer loop
      vertex 21 1 0
      vertex 21 2 0
      vertex 22 2 0
    endloop
  endfacet
  facet normal 0 0 1
    outer loop
      vertex 21 1 1
      vertex 22 1 1
      vertex 22 2 1
    endloop
  endfacet
  facet normal 0 0 1
    outer loop
      vertex 21 1 1
      vertex 22 2 1
      vertex 21 2 1
    endloop
  endfacet
  facet normal 0 -1 0
    outer loop
      vertex 21 1 0
      vertex 22 1 0
      vertex 22 1 1
    endloop
  endfacet
  facet normal 0 -1 0
    outer loop
      vertex 21 1 0
      vertex 22 1 1
      vertex 21 1 1
    endloop
  endfacet
  facet normal 1 0 0
    outer loop
      vertex 22 1 0
      vertex 22 2 0
      vertex 22 2 1
    endloop
  endfacet
  facet normal 1 0 0
    outer loop
      vertex 22 1 0
      vertex 22 2 1
      vertex 22 1 1
    endloop
  endfacet
  facet normal 0 1 0
    outer loop
      vertex 22 2 0
      vertex 21 2 0
      vertex 21 2 1
    endloop
  endfacet
  facet normal 0 1 0
    outer loop
      vertex 22 2 0
      vertex 21 2 1
      vertex 22 2 1
    endloop
  endfacet
  facet normal -1 0 0
    outer loop
      vertex 21 2 0
      vertex 21 1 0
      vertex 21 1 1
    endloop
  endfacet
  facet normal -1 0 0
    outer loop
      vertex 21 2 0
      vertex 21 1 1
      vertex 21 2 1
    endloop
  endfacet
  facet normal 0 0 -1
    outer loop
      vertex 20 0 0
      vertex 21 1 0
      vertex 21 0 0
    endloop
  endfacet
  facet normal 0 0 -1
    outer loop
      vertex 20 0 0
      vertex 20 1 0
      vertex 21 1 0
    endloop
  endfacet
  facet normal 0 0 1
    outer loop
      vertex 20 0 1
      vertex 21 0 1
      vertex 21 1 1
    endloop
  endfacet
  facet normal 0 0 1
    outer loop
      vertex 20 0 1
      vertex 21 1 1
      vertex 20 1 1
    endloop
  endfacet
  facet normal 0 -1 0
    outer loop
      vertex 20 0 0
      vertex 21 0 0
      vertex 21 0 1
    endloop
  endfacet
  facet normal 0 -1 0
    outer loop
      vertex 20 0 0
      vertex 21 0 1
      vertex 20 0 1
    endloop
  endfacet
  facet normal 1 0 0
    outer loop
      vertex 21 0 0
      vertex 21 1 0
      vertex 21 1 1
    endloop
  endfacet
  facet normal 1 0 0
    outer loop
      vertex 21 0 0
      vertex 21 1 1
      vertex 21 0 1
    endloop
  endfacet
  facet normal 0 1 0
    outer loop
      vertex 21 1 0
      vertex 20 1 0
      vertex 20 1 1
    endloop
  endfacet
  facet normal 0 1 0
    outer loop
      vertex 21 1 0
      vertex 20 1 1
      vertex 21 1 1
    endloop
  endfacet
  facet normal -1 0 0
    outer loop
      vertex 20 1 0
      vertex 20 0 0
      vertex 20 0 1
    endloop
  endfacet
  facet normal -1 0 0
    outer loop
      vertex 20 1 0
      vertex 20 0 1
      vertex 20 1 1
    endloop
  endfacet
  facet normal 0 0 -1
    outer loop
      vertex 21 0 0
      vertex 22 1 0
      vertex 22 0 0
    endloop
  endfacet
  facet normal 0 0 -1
    outer loop
      vertex 21 0 0
      vertex 21 1 0
      vertex 22 1 0
    endloop
  endfacet
  facet normal 0 0 1
    outer loop
      vertex 21 0 1
      vertex 22 0 1
      vertex 22 1 1
    endloop
  endfacet
  facet normal 0 0 1
    outer loop
      vertex 21 0 1
      vertex 22 1 1
      vertex 21 1 1
    endloop
  endfacet
  facet normal 0 -1 0
    outer loop
      vertex 21 0 0
      vertex 22 0 0
      vertex 22 0 1
    endloop
  endfacet
  facet normal 0 -1 0
    outer loop
      vertex 21 0 0
      vertex 22 0 1
      vertex 21 0 1
    endloop
  endfacet
  facet normal 1 0 0
    outer loop
      vertex 22 0 0
      vertex 22 1 0
      vertex 22 1 1
    endloop
  endfacet
  facet normal 1 0 0
    outer loop
      vertex 22 0 0
      vertex 22 1 1
      vertex 22 0 1
    endloop
  endfacet
  facet normal 0 1 0
    outer loop
      vertex 22 1 0
      vertex 21 1 0
      vertex 21 1 1
    endloop
  endfacet
  facet normal 0 1 0
    outer loop
      vertex 22 1 0
      vertex 21 1 1
      vertex 22 1 1
    endloop
  endfacet
  facet normal -1 0 0
    outer loop
      vertex 21 1 0
      vertex 21 0 0
      vertex 21 0 1
    endloop
  endfacet
  facet normal -1 0 0
    outer loop
      vertex 21 1 0
      vertex 21 0 1
      vertex 21 1 1
    endloop
  endfacet
  facet normal 0 0 -1
    outer loop
      vertex 22 0 0
      vertex 23 1 0
      vertex 23 0 0
    endloop
  endfacet
  facet normal 0 0 -1
    outer loop
      vertex 22 0 0
      vertex 22 1 0
      vertex 23 1 0
    endloop
  endfacet
  facet normal 0 0 1
    outer loop
      vertex 22 0 1
      vertex 23 0 1
      vertex 23 1 1
    endloop
  endfacet
  facet normal 0 0 1
    outer loop
      vertex 22 0 1
      vertex 23 1 1
      vertex 22 1 1
    endloop
  endfacet
  facet normal 0 -1 0
    outer loop
      vertex 22 0 0
      vertex 23 0 0
      vertex 23 0 1
    endloop
  endfacet
  facet normal 0 -1 0
    outer loop
      vertex 22 0 0
      vertex 23 0 1
      vertex 22 0 1
    endloop
  endfacet
  facet normal 1 0 0
    outer loop
      vertex 23 0 0
      vertex 23 1 0
      vertex 23 1 1
    endloop
  endfacet
  facet normal 1 0 0
    outer loop
      vertex 23 0 0
      vertex 23 1 1
      vertex 23 0 1
    endloop
  endfacet
  facet normal 0 1 0
    outer loop
      vertex 23 1 0
      vertex 22 1 0
      vertex 22 1 1
    endloop
  endfacet
  facet normal 0 1 0
    outer loop
      vertex 23 1 0
      vertex 22 1 1
      vertex 23 1 1
    endloop
  endfacet
  facet normal -1 0 0
    outer loop
      vertex 22 1 0
      vertex 22 0 0
      vertex 22 0 1
    endloop
  endfacet
  facet normal -1 0 0
    outer loop
      vertex 22 1 0
      vertex 22 0 1
      vertex 22 1 1
    endloop
  endfacet
  facet normal 0 0 -1
    outer loop
      vertex 25 4 0
      vertex 26 5 0
      vertex 26 4 0
    endloop
  endfacet
  facet normal 0 0 -1
    outer loop
      vertex 25 4 0
      vertex 25 5 0
      vertex 26 5 0
    endloop
  endfacet
  facet normal 0 0 1
    outer loop
      vertex 25 4 1
      vertex 26 4 1
      vertex 26 5 1
    endloop
  endfacet
  facet normal 0 0 1
    outer loop
      vertex 25 4 1
      vertex 26 5 1
      vertex 25 5 1
    endloop
  endfacet
  facet normal 0 -1 0
    outer loop
      vertex 25 4 0
      vertex 26 4 0
      vertex 26 4 1
    endloop
  endfacet
  facet normal 0 -1 0
    outer loop
      vertex 25 4 0
      vertex 26 4 1
      vertex 25 4 1
    endloop
  endfacet
  facet normal 1 0 0
    outer loop
      vertex 26 4 0
      vertex 26 5 0
      vertex 26 5 1
    endloop
  endfacet
  facet normal 1 0 0
    outer loop
      vertex 26 4 0
      vertex 26 5 1
      vertex 26 4 1
    endloop
  endfacet
  facet normal 0 1 0
    outer loop
      vertex 26 5 0
      vertex 25 5 0
      vertex 25 5 1
    endloop
  endfacet
  facet normal 0 1 0
    outer loop
      vertex 26 5 0
      vertex 25 5 1
      vertex 26 5 1
    endloop
  endfacet
  facet normal -1 0 0
    outer loop
      vertex 25 5 0
      vertex 25 4 0
      vertex 25 4 1
    endloop
  endfacet
  facet normal -1 0 0
    outer loop
      vertex 25 5 0
      vertex 25 4 1
      vertex 25 5 1
    endloop
  endfacet
  facet normal 0 0 -1
    outer loop
      vertex 26 4 0
      vertex 27 5 0
      vertex 27 4 0
    endloop
  endfacet
  facet normal 0 0 -1
    outer loop
      vertex 26 4 0
      vertex 26 5 0
      vertex 27 5 0
    endloop
  endfacet
  facet normal 0 0 1
    outer loop
      vertex 26 4 1
      vertex 27 4 1
      vertex 27 5 1
    endloop
  endfacet
  facet normal 0 0 1
    outer loop
      vertex 26 4 1
      vertex 27 5 1
      vertex 26 5 1
    endloop
  endfacet
  facet normal 0 -1 0
    outer loop
      vertex 26 4 0
      vertex 27 4 0
      vertex 27 4 1
    endloop
  endfacet
  facet normal 0 -1 0
    outer loop
      vertex 26 4 0
      vertex 27 4 1
      vertex 26 4 1
    endloop
  endfacet
  facet normal 1 0 0
    outer loop
      vertex 27 4 0
      vertex 27 5 0
      vertex 27 5 1
    endloop
  endfacet
  facet normal 1 0 0
    outer loop
      vertex 27 4 0
      vertex 27 5 1
      vertex 27 4 1
    endloop
  endfacet
  facet normal 0 1 0
    outer loop
      vertex 27 5 0
      vertex 26 5 0
      vertex 26 5 1
    endloop
  endfacet
  facet normal 0 1 0
    outer loop
      vertex 27 5 0
      vertex 26 5 1
      vertex 27 5 1
    endloop
  endfacet
  facet normal -1 0 0
    outer loop
      vertex 26 5 0
      vertex 26 4 0
      vertex 26 4 1
    endloop
  endfacet
  facet normal -1 0 0
    outer loop
      vertex 26 5 0
      vertex 26 4 1
      vertex 26 5 1
    endloop
  endfacet
  facet normal 0 0 -1
    outer loop
      vertex 27 4 0
      vertex 28 5 0
      vertex 28 4 0
    endloop
  endfacet
  facet normal 0 0 -1
    outer loop
      vertex 27 4 0
      vertex 27 5 0
      vertex 28 5 0
    endloop
  endfacet
  facet normal 0 0 1
    outer loop
      vertex 27 4 1
      vertex 28 4 1
      vertex 28 5 1
    endloop
  endfacet
  facet normal 0 0 1
    outer loop
      vertex 27 4 1
      vertex 28 5 1
      vertex 27 5 1
    endloop
  endfacet
  facet normal 0 -1 0
    outer loop
      vertex 27 4 0
      vertex 28 4 0
      vertex 28 4 1
    endloop
  endfacet
  facet normal 0 -1 0
    outer loop
      vertex 27 4 0
      vertex 28 4 1
      vertex 27 4 1
    endloop
  endfacet
  facet normal 1 0 0
    outer loop
      vertex 28 4 0
      vertex 28 5 0
      vertex 28 5 1
    endloop
  endfacet
  facet normal 1 0 0
    outer loop
      vertex 28 4 0
      vertex 28 5 1
      vertex 28 4 1
    endloop
  endfacet
  facet normal 0 1 0
    outer loop
      vertex 28 5 0
      vertex 27 5 0
      vertex 27 5 1
    endloop
  endfacet
  facet normal 0 1 0
    outer loop
      vertex 28 5 0
      vertex 27 5 1
      vertex 28 5 1
    endloop
  endfacet
  facet normal -1 0 0
    outer loop
      vertex 27 5 0
      vertex 27 4 0
      vertex 27 4 1
    endloop
  endfacet
  facet normal -1 0 0
    outer loop
      vertex 27 5 0
      vertex 27 4 1
      vertex 27 5 1
    endloop
  endfacet
  facet normal 0 0 -1
    outer loop
      vertex 24 3 0
      vertex 25 4 0
      vertex 25 3 0
    endloop
  endfacet
  facet normal 0 0 -1
    outer loop
      vertex 24 3 0
      vertex 24 4 0
      vertex 25 4 0
    endloop
  endfacet
  facet normal 0 0 1
    outer loop
      vertex 24 3 1
      vertex 25 3 1
      vertex 25 4 1
    endloop
  endfacet
  facet normal 0 0 1
    outer loop
      vertex 24 3 1
      vertex 25 4 1
      vertex 24 4 1
    endloop
  endfacet
  facet normal 0 -1 0
    outer loop
      vertex 24 3 0
      vertex 25 3 0
      vertex 25 3 1
    endloop
  endfacet
  facet normal 0 -1 0
    outer loop
      vertex 24 3 0
      vertex 25 3 1
      vertex 24 3 1
    endloop
  endfacet
  facet normal 1 0 0
    outer loop
      vertex 25 3 0
      vertex 25 4 0
      vertex 25 4 1
    endloop
  endfacet
  facet normal 1 0 0
    outer loop
      vertex 25 3 0
      vertex 25 4 1
      vertex 25 3 1
    endloop
  endfacet
  facet normal 0 1 0
    outer loop
      vertex 25 4 0
      vertex 24 4 0
      vertex 24 4 1
    endloop
  endfacet
  facet normal 0 1 0
    outer loop
      vertex 25 4 0
      vertex 24 4 1
      vertex 25 4 1
    endloop
  endfacet
  facet normal -1 0 0
    outer loop
      vertex 24 4 0
      vertex 24 3 0
      vertex 24 3 1
    endloop
  endfacet
  facet normal -1 0 0
    outer loop
      vertex 24 4 0
      vertex 24 3 1
      vertex 24 4 1
    endloop
  endfacet
  facet normal 0 0 -1
    outer loop
      vertex 28 3 0
      vertex 29 4 0
      vertex 29 3 0
    endloop
  endfacet
  facet normal 0 0 -1
    outer loop
      vertex 28 3 0
      vertex 28 4 0
      vertex 29 4 0
    endloop
  endfacet
  facet normal 0 0 1
    outer loop
      vertex 28 3 1
      vertex 29 3 1
      vertex 29 4 1
    endloop
  endfacet
  facet normal 0 0 1
    outer loop
      vertex 28 3 1
      vertex 29 4 1
      vertex 28 4 1
    endloop
  endfacet
  facet normal 0 -1 0
    outer loop
      vertex 28 3 0
      vertex 29 3 0
      vertex 29 3 1
    endloop
  endfacet
  facet normal 0 -1 0
    outer loop
      vertex 28 3 0
      vertex 29 3 1
      vertex 28 3 1
    endloop
  endfacet
  facet normal 1 0 0
    outer loop
      vertex 29 3 0
      vertex 29 4 0
      vertex 29 4 1
    endloop
  endfacet
  facet normal 1 0 0
    outer loop
      vertex 29 3 0
      vertex 29 4 1
      vertex 29 3 1
    endloop
  endfacet
  facet normal 0 1 0
    outer loop
      vertex 29 4 0
      vertex 28 4 0
      vertex 28 4 1
    endloop
  endfacet
  facet normal 0 1 0
    outer loop
      vertex 29 4 0
      vertex 28 4 1
      vertex 29 4 1
    endloop
  endfacet
  facet normal -1 0 0
    outer loop
      vertex 28 4 0
      vertex 28 3 0
      vertex 28 3 1
    endloop
  endfacet
  facet normal -1 0 0
    outer loop
      vertex 28 4 0
      vertex 28 3 1
      vertex 28 4 1
    endloop
  endfacet
  facet normal 0 0 -1
    outer loop
      vertex 24 2 0
      vertex 25 3 0
      vertex 25 2 0
    endloop
  endfacet
  facet normal 0 0 -1
    outer loop
      vertex 24 2 0
      vertex 24 3 0
      vertex 25 3 0
    endloop
  endfacet
  facet normal 0 0 1
    outer loop
      vertex 24 2 1
      vertex 25 2 1
      vertex 25 3 1
    endloop
  endfacet
  facet normal 0 0 1
    outer loop
      vertex 24 2 1
      vertex 25 3 1
      vertex 24 3 1
    endloop
  endfacet
  facet normal 0 -1 0
    outer loop
      vertex 24 2 0
      vertex 25 2 0
      vertex 25 2 1
    endloop
  endfacet
  facet normal 0 -1 0
    outer loop
      vertex 24 2 0
      vertex 25 2 1
      vertex 24 2 1
    endloop
  endfacet
  facet normal 1 0 0
    outer loop
      vertex 25 2 0
      vertex 25 3 0
      vertex 25 3 1
    endloop
  endfacet
  facet normal 1 0 0
    outer loop
      vertex 25 2 0
      vertex 25 3 1
      vertex 25 2 1
    endloop
  endfacet
  facet normal 0 1 0
    outer loop
      vertex 25 3 0
      vertex 24 3 0
      vertex 24 3 1
    endloop
  endfacet
  facet normal 0 1 0
    outer loop
      vertex 25 3 0
      vertex 24 3 1
      vertex 25 3 1
    endloop
  endfacet
  facet normal -1 0 0
    outer loop
      vertex 24 3 0
      vertex 24 2 0
      vertex 24 2 1
    endloop
  endfacet
  facet normal -1 0 0
    outer loop
      vertex 24 3 0
      vertex 24 2 1
      vertex 24 3 1
    endloop
  endfacet
  facet normal 0 0 -1
    outer loop
      vertex 28 2 0
      vertex 29 3 0
      vertex 29 2 0
    endloop
  endfacet
  facet normal 0 0 -1
    outer loop
      vertex 28 2 0
      vertex 28 3 0
      vertex 29 3 0
    endloop
  endfacet
  facet normal 0 0 1
    outer loop
      vertex 28 2 1
      vertex 29 2 1
      vertex 29 3 1
    endloop
  endfacet
  facet normal 0 0 1
    outer loop
      vertex 28 2 1
      vertex 29 3 1
      vertex 28 3 1
    endloop
  endfacet
  facet normal 0 -1 0
    outer loop
      vertex 28 2 0
      vertex 29 2 0
      vertex 29 2 1
    endloop
  endfacet
  facet normal 0 -1 0
    outer loop
      vertex 28 2 0
      vertex 29 2 1
      vertex 28 2 1
    endloop
  endfacet
  facet normal 1 0 0
    outer loop
      vertex 29 2 0
      vertex 29 3 0
      vertex 29 3 1
    endloop
  endfacet
  facet normal 1 0 0
    outer loop
      vertex 29 2 0
      vertex 29 3 1
      vertex 29 2 1
    endloop
  endfacet
  facet normal 0 1 0
    outer loop
      vertex 29 3 0
      vertex 28 3 0
      vertex 28 3 1
    endloop
  endfacet
  facet normal 0 1 0
    outer loop
      vertex 29 3 0
      vertex 28 3 1
      vertex 29 3 1
    endloop
  endfacet
  facet normal -1 0 0
    outer loop
      vertex 28 3 0
      vertex 28 2 0
      vertex 28 2 1
    endloop
  endfacet
  facet normal -1 0 0
    outer loop
      vertex 28 3 0
      vertex 28 2 1
      vertex 28 3 1
    endloop
  endfacet
  facet normal 0 0 -1
    outer loop
      vertex 24 1 0
      vertex 25 2 0
      vertex 25 1 0
    endloop
  endfacet
  facet normal 0 0 -1
    outer loop
      vertex 24 1 0
      vertex 24 2 0
      vertex 25 2 0
    endloop
  endfacet
  facet normal 0 0 1
    outer loop
      vertex 24 1 1
      vertex 25 1 1
      vertex 25 2 1
    endloop
  endfacet
  facet normal 0 0 1
    outer loop
      vertex 24 1 1
      vertex 25 2 1
      vertex 24 2 1
    endloop
  endfacet
  facet normal 0 -1 0
    outer loop
      vertex 24 1 0
      vertex 25 1 0
      vertex 25 1 1
    endloop
  endfacet
  facet normal 0 -1 0
    outer loop
      vertex 24 1 0
      vertex 25 1 1
      vertex 24 1 1
    endloop
  endfacet
  facet normal 1 0 0
    outer loop
      vertex 25 1 0
      vertex 25 2 0
      vertex 25 2 1
    endloop
  endfacet
  facet normal 1 0 0
    outer loop
      vertex 25 1 0
      vertex 25 2 1
      vertex 25 1 1
    endloop
  endfacet
  facet normal 0 1 0
    outer loop
      vertex 25 2 0
      vertex 24 2 0
      vertex 24 2 1
    endloop
  endfacet
  facet normal 0 1 0
    outer loop
      vertex 25 2 0
      vertex 24 2 1
      vertex 25 2 1
    endloop
  endfacet
  facet normal -1 0 0
    outer loop
      vertex 24 2 0
      vertex 24 1 0
      vertex 24 1 1
    endloop
  endfacet
  facet normal -1 0 0
    outer loop
      vertex 24 2 0
      vertex 24 1 1
      vertex 24 2 1
    endloop
  endfacet
  facet normal 0 0 -1
    outer loop
      vertex 28 1 0
      vertex 29 2 0
      vertex 29 1 0
    endloop
  endfacet
  facet normal 0 0 -1
    outer loop
      vertex 28 1 0
      vertex 28 2 0
      vertex 29 2 0
    endloop
  endfacet
  facet normal 0 0 1
    outer loop
      vertex 28 1 1
      vertex 29 1 1
      vertex 29 2 1
    endloop
  endfacet
  facet normal 0 0 1
    outer loop
      vertex 28 1 1
      vertex 29 2 1
      vertex 28 2 1
    endloop
  endfacet
  facet normal 0 -1 0
    outer loop
      vertex 28 1 0
      vertex 29 1 0
      vertex 29 1 1
    endloop
  endfacet
  facet normal 0 -1 0
    outer loop
      vertex 28 1 0
      vertex 29 1 1
      vertex 28 1 1
    endloop
  endfacet
  facet normal 1 0 0
    outer loop
      vertex 29 1 0
      vertex 29 2 0
      vertex 29 2 1
    endloop
  endfacet
  facet normal 1 0 0
    outer loop
      vertex 29 1 0
      vertex 29 2 1
      vertex 29 1 1
    endloop
  endfacet
  facet normal 0 1 0
    outer loop
      vertex 29 2 0
      vertex 28 2 0
      vertex 28 2 1
    endloop
  endfacet
  facet normal 0 1 0
    outer loop
      vertex 29 2 0
      vertex 28 2 1
      vertex 29 2 1
    endloop
  endfacet
  facet normal -1 0 0
    outer loop
      vertex 28 2 0
      vertex 28 1 0
      vertex 28 1 1
    endloop
  endfacet
  facet normal -1 0 0
    outer loop
      vertex 28 2 0
      vertex 28 1 1
      vertex 28 2 1
    endloop
  endfacet
  facet normal 0 0 -1
    outer loop
      vertex 25 0 0
      vertex 26 1 0
      vertex 26 0 0
    endloop
  endfacet
  facet normal 0 0 -1
    outer loop
      vertex 25 0 0
      vertex 25 1 0
      vertex 26 1 0
    endloop
  endfacet
  facet normal 0 0 1
    outer loop
      vertex 25 0 1
      vertex 26 0 1
      vertex 26 1 1
    endloop
  endfacet
  facet normal 0 0 1
    outer loop
      vertex 25 0 1
      vertex 26 1 1
      vertex 25 1 1
    endloop
  endfacet
  facet normal 0 -1 0
    outer loop
      vertex 25 0 0
      vertex 26 0 0
      vertex 26 0 1
    endloop
  endfacet
  facet normal 0 -1 0
    outer loop
      vertex 25 0 0
      vertex 26 0 1
      vertex 25 0 1
    endloop
  endfacet
  facet normal 1 0 0
    outer loop
      vertex 26 0 0
      vertex 26 1 0
      vertex 26 1 1
    endloop
  endfacet
  facet normal 1 0 0
    outer loop
      vertex 26 0 0
      vertex 26 1 1
      vertex 26 0 1
    endloop
  endfacet
  facet normal 0 1 0
    outer loop
      vertex 26 1 0
      vertex 25 1 0
      vertex 25 1 1
    endloop
  endfacet
  facet normal 0 1 0
    outer loop
      vertex 26 1 0
      vertex 25 1 1
      vertex 26 1 1
    endloop
  endfacet
  facet normal -1 0 0
    outer loop
      vertex 25 1 0
      vertex 25 0 0
      vertex 25 0 1
    endloop
  endfacet
  facet normal -1 0 0
    outer loop
      vertex 25 1 0
      vertex 25 0 1
      vertex 25 1 1
    endloop
  endfacet
  facet normal 0 0 -1
    outer loop
      vertex 26 0 0
      vertex 27 1 0
      vertex 27 0 0
    endloop
  endfacet
  facet normal 0 0 -1
    outer loop
      vertex 26 0 0
      vertex 26 1 0
      vertex 27 1 0
    endloop
  endfacet
  facet normal 0 0 1
    outer loop
      vertex 26 0 1
      vertex 27 0 1
      vertex 27 1 1
    endloop
  endfacet
  facet normal 0 0 1
    outer loop
      vertex 26 0 1
      vertex 27 1 1
      vertex 26 1 1
    endloop
  endfacet
  facet normal 0 -1 0
    outer loop
      vertex 26 0 0
      vertex 27 0 0
      vertex 27 0 1
    endloop
  endfacet
  facet normal 0 -1 0
    outer loop
      vertex 26 0 0
      vertex 27 0 1
      vertex 26 0 1
    endloop
  endfacet
  facet normal 1 0 0
    outer loop
      vertex 27 0 0
      vertex 27 1 0
      vertex 27 1 1
    endloop
  endfacet
  facet normal 1 0 0
    outer loop
      vertex 27 0 0
      vertex 27 1 1
      vertex 27 0 1
    endloop
  endfacet
  facet normal 0 1 0
    outer loop
      vertex 27 1 0
      vertex 26 1 0
      vertex 26 1 1
    endloop
  endfacet
  facet normal 0 1 0
    outer loop
      vertex 27 1 0
      vertex 26 1 1
      vertex 27 1 1
    endloop
  endfacet
  facet normal -1 0 0
    outer loop
      vertex 26 1 0
      vertex 26 0 0
      vertex 26 0 1
    endloop
  endfacet
  facet normal -1 0 0
    outer loop
      vertex 26 1 0
      vertex 26 0 1
      vertex 26 1 1
    endloop
  endfacet
  facet normal 0 0 -1
    outer loop
      vertex 27 0 0
      vertex 28 1 0
      vertex 28 0 0
    endloop
  endfacet
  facet normal 0 0 -1
    outer loop
      vertex 27 0 0
      vertex 27 1 0
      vertex 28 1 0
    endloop
  endfacet
  facet normal 0 0 1
    outer loop
      vertex 27 0 1
      vertex 28 0 1
      vertex 28 1 1
    endloop
  endfacet
  facet normal 0 0 1
    outer loop
      vertex 27 0 1
      vertex 28 1 1
      vertex 27 1 1
    endloop
  endfacet
  facet normal 0 -1 0
    outer loop
      vertex 27 0 0
      vertex 28 0 0
      vertex 28 0 1
    endloop
  endfacet
  facet normal 0 -1 0
    outer loop
      vertex 27 0 0
      vertex 28 0 1
      vertex 27 0 1
    endloop
  endfacet
  facet normal 1 0 0
    outer loop
      vertex 28 0 0
      vertex 28 1 0
      vertex 28 1 1
    endloop
  endfacet
  facet normal 1 0 0
    outer loop
      vertex 28 0 0
      vertex 28 1 1
      vertex 28 0 1
    endloop
  endfacet
  facet normal 0 1 0
    outer loop
      vertex 28 1 0
      vertex 27 1 0
      vertex 27 1 1
    endloop
  endfacet
  facet normal 0 1 0
    outer loop
      vertex 28 1 0
      vertex 27 1 1
      vertex 28 1 1
    endloop
  endfacet
  facet normal -1 0 0
    outer loop
      vertex 27 1 0
      vertex 27 0 0
      vertex 27 0 1
    endloop
  endfacet
  facet normal -1 0 0
    outer loop
      vertex 27 1 0
      vertex 27 0 1
      vertex 27 1 1
    endloop
  endfacet
  facet normal 0 0 -1
    outer loop
      vertex 32 2 0
      vertex 33 3 0
      vertex 33 2 0
    endloop
  endfacet
  facet normal 0 0 -1
    outer loop
      vertex 32 2 0
      vertex 32 3 0
      vertex 33 3 0
    endloop
  endfacet
  facet normal 0 0 1
    outer loop
      vertex 32 2 1
      vertex 33 2 1
      vertex 33 3 1
    endloop
  endfacet
  facet normal 0 0 1
    outer loop
      vertex 32 2 1
      vertex 33 3 1
      vertex 32 3 1
    endloop
  endfacet
  facet normal 0 -1 0
    outer loop
      vertex 32 2 0
      vertex 33 2 0
      vertex 33 2 1
    endloop
  endfacet
  facet normal 0 -1 0
    outer loop
      vertex 32 2 0
      vertex 33 2 1
      vertex 32 2 1
    endloop
  endfacet
  facet normal 1 0 0
    outer loop
      vertex 33 2 0
      vertex 33 3 0
      vertex 33 3 1
    endloop
  endfacet
  facet normal 1 0 0
    outer loop
      vertex 33 2 0
      vertex 33 3 1
      vertex 33 2 1
    endloop
  endfacet
  facet normal 0 1 0
    outer loop
      vertex 33 3 0
      vertex 32 3 0
      vertex 32 3 1
    endloop
  endfacet
  facet normal 0 1 0
    outer loop
      vertex 33 3 0
      vertex 32 3 1
      vertex 33 3 1
    endloop
  endfacet
  facet normal -1 0 0
    outer loop
      vertex 32 3 0
      vertex 32 2 0
      vertex 32 2 1
    endloop
  endfacet
  facet normal -1 0 0
    outer loop
      vertex 32 3 0
      vertex 32 2 1
      vertex 32 3 1
    endloop
  endfacet
  facet normal 0 0 -1
    outer loop
      vertex 33 2 0
      vertex 34 3 0
      vertex 34 2 0
    endloop
  endfacet
  facet normal 0 0 -1
    outer loop
      vertex 33 2 0
      vertex 33 3 0
      vertex 34 3 0
    endloop
  endfacet
  facet normal 0 0 1
    outer loop
      vertex 33 2 1
      vertex 34 2 1
      vertex 34 3 1
    endloop
  endfacet
  facet normal 0 0 1
    outer loop
      vertex 33 2 1
      vertex 34 3 1
      vertex 33 3 1
    endloop
  endfacet
  facet normal 0 -1 0
    outer loop
      vertex 33 2 0
      vertex 34 2 0
      vertex 34 2 1
    endloop
  endfacet
  facet normal 0 -1 0
    outer loop
      vertex 33 2 0
      vertex 34 2 1
      vertex 33 2 1
    endloop
  endfacet
  facet normal 1 0 0
    outer loop
      vertex 34 2 0
      vertex 34 3 0
      vertex 34 3 1
    endloop
  endfacet
  facet normal 1 0 0
    outer loop
      vertex 34 2 0
      vertex 34 3 1
      vertex 34 2 1
    endloop
  endfacet
  facet normal 0 1 0
    outer loop
      vertex 34 3 0
      vertex 33 3 0
      vertex 33 3 1
    endloop
  endfacet
  facet normal 0 1 0
    outer loop
      vertex 34 3 0
      vertex 33 3 1
      vertex 34 3 1
    endloop
  endfacet
  facet normal -1 0 0
    outer loop
      vertex 33 3 0
      vertex 33 2 0
      vertex 33 2 1
    endloop
  endfacet
  facet normal -1 0 0
    outer loop
      vertex 33 3 0
      vertex 33 2 1
      vertex 33 3 1
    endloop
  endfacet
  facet normal 0 0 -1
    outer loop
      vertex 32 1 0
      vertex 33 2 0
      vertex 33 1 0
    endloop
  endfacet
  facet normal 0 0 -1
    outer loop
      vertex 32 1 0
      vertex 32 2 0
      vertex 33 2 0
    endloop
  endfacet
  facet normal 0 0 1
    outer loop
      vertex 32 1 1
      vertex 33 1 1
      vertex 33 2 1
    endloop
  endfacet
  facet normal 0 0 1
    outer loop
      vertex 32 1 1
      vertex 33 2 1
      vertex 32 2 1
    endloop
  endfacet
  facet normal 0 -1 0
    outer loop
      vertex 32 1 0
      vertex 33 1 0
      vertex 33 1 1
    endloop
  endfacet
  facet normal 0 -1 0
    outer loop
      vertex 32 1 0
      vertex 33 1 1
      vertex 32 1 1
    endloop
  endfacet
  facet normal 1 0 0
    outer loop
      vertex 33 1 0
      vertex 33 2 0
      vertex 33 2 1
    endloop
  endfacet
  facet normal 1 0 0
    outer loop
      vertex 33 1 0
      vertex 33 2 1
      vertex 33 1 1
    endloop
  endfacet
  facet normal 0 1 0
    outer loop
      vertex 33 2 0
      vertex 32 2 0
      vertex 32 2 1
    endloop
  endfacet
  facet normal 0 1 0
    outer loop
      vertex 33 2 0
      vertex 32 2 1
      vertex 33 2 1
    endloop
  endfacet
  facet normal -1 0 0
    outer loop
      vertex 32 2 0
      vertex 32 1 0
      vertex 32 1 1
    endloop
  endfacet
  facet normal -1 0 0
    outer loop
      vertex 32 2 0
      vertex 32 1 1
      vertex 32 2 1
    endloop
  endfacet
  facet normal 0 0 -1
    outer loop
      vertex 31 0 0
      vertex 32 1 0
      vertex 32 0 0
    endloop
  endfacet
  facet normal 0 0 -1
    outer loop
      vertex 31 0 0
      vertex 31 1 0
      vertex 32 1 0
    endloop
  endfacet
  facet normal 0 0 1
    outer loop
      vertex 31 0 1
      vertex 32 0 1
      vertex 32 1 1
    endloop
  endfacet
  facet normal 0 0 1
    outer loop
      vertex 31 0 1
      vertex 32 1 1
      vertex 31 1 1
    endloop
  endfacet
  facet normal 0 -1 0
    outer loop
      vertex 31 0 0
      vertex 32 0 0
      vertex 32 0 1
    endloop
  endfacet
  facet normal 0 -1 0
    outer loop
      vertex 31 0 0
      vertex 32 0 1
      vertex 31 0 1
    endloop
  endfacet
  facet normal 1 0 0
    outer loop
      vertex 32 0 0
      vertex 32 1 0
      vertex 32 1 1
    endloop
  endfacet
  facet normal 1 0 0
    outer loop
      vertex 32 0 0
      vertex 32 1 1
      vertex 32 0 1
    endloop
  endfacet
  facet normal 0 1 0
    outer loop
      vertex 32 1 0
      vertex 31 1 0
      vertex 31 1 1
    endloop
  endfacet
  facet normal 0 1 0
    outer loop
      vertex 32 1 0
      vertex 31 1 1
      vertex 32 1 1
    endloop
  endfacet
  facet normal -1 0 0
    outer loop
      vertex 31 1 0
      vertex 31 0 0
      vertex 31 0 1
    endloop
  endfacet
  facet normal -1 0 0
    outer loop
      vertex 31 1 0
      vertex 31 0 1
      vertex 31 1 1
    endloop
  endfacet
  facet normal 0 0 -1
    outer loop
      vertex 42 6 0
      vertex 43 7 0
      vertex 43 6 0
    endloop
  endfacet
  facet normal 0 0 -1
    outer loop
      vertex 42 6 0
      vertex 42 7 0
      vertex 43 7 0
    endloop
  endfacet
  facet normal 0 0 1
    outer loop
      vertex 42 6 1
      vertex 43 6 1
      vertex 43 7 1
    endloop
  endfacet
  facet normal 0 0 1
    outer loop
      vertex 42 6 1
      vertex 43 7 1
      vertex 42 7 1
    endloop
  endfacet
  facet normal 0 -1 0
    outer loop
      vertex 42 6 0
      vertex 43 6 0
      vertex 43 6 1
    endloop
  endfacet
  facet normal 0 -1 0
    outer loop
      vertex 42 6 0
      vertex 43 6 1
      vertex 42 6 1
    endloop
  endfacet
  facet normal 1 0 0
    outer loop
      vertex 43 6 0
      vertex 43 7 0
      vertex 43 7 1
    endloop
  endfacet
  facet normal 1 0 0
    outer loop
      vertex 43 6 0
      vertex 43 7 1
      vertex 43 6 1
    endloop
  endfacet
  facet normal 0 1 0
    outer loop
      vertex 43 7 0
      vertex 42 7 0
      vertex 42 7 1
    endloop
  endfacet
  facet normal 0 1 0
    outer loop
      vertex 43 7 0
      vertex 42 7 1
      vertex 43 7 1
    endloop
  endfacet
  facet normal -1 0 0
    outer loop
      vertex 42 7 0
      vertex 42 6 0
      vertex 42 6 1
    endloop
  endfacet
  facet normal -1 0 0
    outer loop
      vertex 42 7 0
      vertex 42 6 1
      vertex 42 7 1
    endloop
  endfacet
  facet normal 0 0 -1
    outer loop
      vertex 46 6 0
      vertex 47 7 0
      vertex 47 6 0
    endloop
  endfacet
  facet normal 0 0 -1
    outer loop
      vertex 46 6 0
      vertex 46 7 0
      vertex 47 7 0
    endloop
  endfacet
  facet normal 0 0 1
    outer loop
      vertex 46 6 1
      vertex 47 6 1
      vertex 47 7 1
    endloop
  endfacet
  facet normal 0 0 1
    outer loop
      vertex 46 6 1
      vertex 47 7 1
      vertex 46 7 1
    endloop
  endfacet
  facet normal 0 -1 0
    outer loop
      vertex 46 6 0
      vertex 47 6 0
      vertex 47 6 1
    endloop
  endfacet
  facet normal 0 -1 0
    outer loop
      vertex 46 6 0
      vertex 47 6 1
      vertex 46 6 1
    endloop
  endfacet
  facet normal 1 0 0
    outer loop
      vertex 47 6 0
      vertex 47 7 0
      vertex 47 7 1
    endloop
  endfacet
  facet normal 1 0 0
    outer loop
      vertex 47 6 0
      vertex 47 7 1
      vertex 47 6 1
    endloop
  endfacet
  facet normal 0 1 0
    outer loop
      vertex 47 7 0
      vertex 46 7 0
      vertex 46 7 1
    endloop
  endfacet
  facet normal 0 1 0
    outer loop
      vertex 47 7 0
      vertex 46 7 1
      vertex 47 7 1
    endloop
  endfacet
  facet normal -1 0 0
    outer loop
      vertex 46 7 0
      vertex 46 6 0
      vertex 46 6 1
    endloop
  endfacet
  facet normal -1 0 0
    outer loop
      vertex 46 7 0
      vertex 46 6 1
      vertex 46 7 1
    endloop
  endfacet
  facet normal 0 0 -1
    outer loop
      vertex 42 5 0
      vertex 43 6 0
      vertex 43 5 0
    endloop
  endfacet
  facet normal 0 0 -1
    outer loop
      vertex 42 5 0
      vertex 42 6 0
      vertex 43 6 0
    endloop
  endfacet
  facet normal 0 0 1
    outer loop
      vertex 42 5 1
      vertex 43 5 1
      vertex 43 6 1
    endloop
  endfacet
  facet normal 0 0 1
    outer loop
      vertex 42 5 1
      vertex 43 6 1
      vertex 42 6 1
    endloop
  endfacet
  facet normal 0 -1 0
    outer loop
      vertex 42 5 0
      vertex 43 5 0
      vertex 43 5 1
    endloop
  endfacet
  facet normal 0 -1 0
    outer loop
      vertex 42 5 0
      vertex 43 5 1
      vertex 42 5 1
    endloop
  endfacet
  facet normal 1 0 0
    outer loop
      vertex 43 5 0
      vertex 43 6 0
      vertex 43 6 1
    endloop
  endfacet
  facet normal 1 0 0
    outer loop
      vertex 43 5 0
      vertex 43 6 1
      vertex 43 5 1
    endloop
  endfacet
  facet normal 0 1 0
    outer loop
      vertex 43 6 0
      vertex 42 6 0
      vertex 42 6 1
    endloop
  endfacet
  facet normal 0 1 0
    outer loop
      vertex 43 6 0
      vertex 42 6 1
      vertex 43 6 1
    endloop
  endfacet
  facet normal -1 0 0
    outer loop
      vertex 42 6 0
      vertex 42 5 0
      vertex 42 5 1
    endloop
  endfacet
  facet normal -1 0 0
    outer loop
      vertex 42 6 0
      vertex 42 5 1
      vertex 42 6 1
    endloop
  endfacet
  facet normal 0 0 -1
    outer loop
      vertex 46 5 0
      vertex 47 6 0
      vertex 47 5 0
    endloop
  endfacet
  facet normal 0 0 -1
    outer loop
      vertex 46 5 0
      vertex 46 6 0
      vertex 47 6 0
    endloop
  endfacet
  facet normal 0 0 1
    outer loop
      vertex 46 5 1
      vertex 47 5 1
      vertex 47 6 1
    endloop
  endfacet
  facet normal 0 0 1
    outer loop
      vertex 46 5 1
      vertex 47 6 1
      vertex 46 6 1
    endloop
  endfacet
  facet normal 0 -1 0
    outer loop
      vertex 46 5 0
      vertex 47 5 0
      vertex 47 5 1
    endloop
  endfacet
  facet normal 0 -1 0
    outer loop
      vertex 46 5 0
      vertex 47 5 1
      vertex 46 5 1
    endloop
  endfacet
  facet normal 1 0 0
    outer loop
      vertex 47 5 0
      vertex 47 6 0
      vertex 47 6 1
    endloop
  endfacet
  facet normal 1 0 0
    outer loop
      vertex 47 5 0
      vertex 47 6 1
      vertex 47 5 1
    endloop
  endfacet
  facet normal 0 1 0
    outer loop
      vertex 47 6 0
      vertex 46 6 0
      vertex 46 6 1
    endloop
  endfacet
  facet normal 0 1 0
    outer loop
      vertex 47 6 0
      vertex 46 6 1
      vertex 47 6 1
    endloop
  endfacet
  facet normal -1 0 0
    outer loop
      vertex 46 6 0
      vertex 46 5 0
      vertex 46 5 1
    endloop
  endfacet
  facet normal -1 0 0
    outer loop
      vertex 46 6 0
      vertex 46 5 1
      vertex 46 6 1
    endloop
  endfacet
  facet normal 0 0 -1
    outer loop
      vertex 42 4 0
      vertex 43 5 0
      vertex 43 4 0
    endloop
  endfacet
  facet normal 0 0 -1
    outer loop
      vertex 42 4 0
      vertex 42 5 0
      vertex 43 5 0
    endloop
  endfacet
  facet normal 0 0 1
    outer loop
      vertex 42 4 1
      vertex 43 4 1
      vertex 43 5 1
    endloop
  endfacet
  facet normal 0 0 1
    outer loop
      vertex 42 4 1
      vertex 43 5 1
      vertex 42 5 1
    endloop
  endfacet
  facet normal 0 -1 0
    outer loop
      vertex 42 4 0
      vertex 43 4 0
      vertex 43 4 1
    endloop
  endfacet
  facet normal 0 -1 0
    outer loop
      vertex 42 4 0
      vertex 43 4 1
      vertex 42 4 1
    endloop
  endfacet
  facet normal 1 0 0
    outer loop
      vertex 43 4 0
      vertex 43 5 0
      vertex 43 5 1
    endloop
  endfacet
  facet normal 1 0 0
    outer loop
      vertex 43 4 0
      vertex 43 5 1
      vertex 43 4 1
    endloop
  endfacet
  facet normal 0 1 0
    outer loop
      vertex 43 5 0
      vertex 42 5 0
      vertex 42 5 1
    endloop
  endfacet
  facet normal 0 1 0
    outer loop
      vertex 43 5 0
      vertex 42 5 1
      vertex 43 5 1
    endloop
  endfacet
  facet normal -1 0 0
    outer loop
      vertex 42 5 0
      vertex 42 4 0
      vertex 42 4 1
    endloop
  endfacet
  facet normal -1 0 0
    outer loop
      vertex 42 5 0
      vertex 42 4 1
      vertex 42 5 1
    endloop
  endfacet
  facet normal 0 0 -1
    outer loop
      vertex 46 4 0
      vertex 47 5 0
      vertex 47 4 0
    endloop
  endfacet
  facet normal 0 0 -1
    outer loop
      vertex 46 4 0
      vertex 46 5 0
      vertex 47 5 0
    endloop
  endfacet
  facet normal 0 0 1
    outer loop
      vertex 46 4 1
      vertex 47 4 1
      vertex 47 5 1
    endloop
  endfacet
  facet normal 0 0 1
    outer loop
      vertex 46 4 1
      vertex 47 5 1
      vertex 46 5 1
    endloop
  endfacet
  facet normal 0 -1 0
    outer loop
      vertex 46 4 0
      vertex 47 4 0
      vertex 47 4 1
    endloop
  endfacet
  facet normal 0 -1 0
    outer loop
      vertex 46 4 0
      vertex 47 4 1
      vertex 46 4 1
    endloop
  endfacet
  facet normal 1 0 0
    outer loop
      vertex 47 4 0
      vertex 47 5 0
      vertex 47 5 1
    endloop
  endfacet
  facet normal 1 0 0
    outer loop
      vertex 47 4 0
      vertex 47 5 1
      vertex 47 4 1
    endloop
  endfacet
  facet normal 0 1 0
    outer loop
      vertex 47 5 0
      vertex 46 5 0
      vertex 46 5 1
    endloop
  endfacet
  facet normal 0 1 0
    outer loop
      vertex 47 5 0
      vertex 46 5 1
      vertex 47 5 1
    endloop
  endfacet
  facet normal -1 0 0
    outer loop
      vertex 46 5 0
      vertex 46 4 0
      vertex 46 4 1
    endloop
  endfacet
  facet normal -1 0 0
    outer loop
      vertex 46 5 0
      vertex 46 4 1
      vertex 46 5 1
    endloop
  endfacet
  facet normal 0 0 -1
    outer loop
      vertex 42 3 0
      vertex 43 4 0
      vertex 43 3 0
    endloop
  endfacet
  facet normal 0 0 -1
    outer loop
      vertex 42 3 0
      vertex 42 4 0
      vertex 43 4 0
    endloop
  endfacet
  facet normal 0 0 1
    outer loop
      vertex 42 3 1
      vertex 43 3 1
      vertex 43 4 1
    endloop
  endfacet
  facet normal 0 0 1
    outer loop
      vertex 42 3 1
      vertex 43 4 1
      vertex 42 4 1
    endloop
  endfacet
  facet normal 0 -1 0
    outer loop
      vertex 42 3 0
      vertex 43 3 0
      vertex 43 3 1
    endloop
  endfacet
  facet normal 0 -1 0
    outer loop
      vertex 42 3 0
      vertex 43 3 1
      vertex 42 3 1
    endloop
  endfacet
  facet normal 1 0 0
    outer loop
      vertex 43 3 0
      vertex 43 4 0
      vertex 43 4 1
    endloop
  endfacet
  facet normal 1 0 0
    outer loop
      vertex 43 3 0
      vertex 43 4 1
      vertex 43 3 1
    endloop
  endfacet
  facet normal 0 1 0
    outer loop
      vertex 43 4 0
      vertex 42 4 0
      vertex 42 4 1
    endloop
  endfacet
  facet normal 0 1 0
    outer loop
      vertex 43 4 0
      vertex 42 4 1
      vertex 43 4 1
    endloop
  endfacet
  facet normal -1 0 0
    outer loop
      vertex 42 4 0
      vertex 42 3 0
      vertex 42 3 1
    endloop
  endfacet
  facet normal -1 0 0
    outer loop
      vertex 42 4 0
      vertex 42 3 1
      vertex 42 4 1
    endloop
  endfacet
  facet normal 0 0 -1
    outer loop
      vertex 44 3 0
      vertex 45 4 0
      vertex 45 3 0
    endloop
  endfacet
  facet normal 0 0 -1
    outer loop
      vertex 44 3 0
      vertex 44 4 0
      vertex 45 4 0
    endloop
  endfacet
  facet normal 0 0 1
    outer loop
      vertex 44 3 1
      vertex 45 3 1
      vertex 45 4 1
    endloop
  endfacet
  facet normal 0 0 1
    outer loop
      vertex 44 3 1
      vertex 45 4 1
      vertex 44 4 1
    endloop
  endfacet
  facet normal 0 -1 0
    outer loop
      vertex 44 3 0
      vertex 45 3 0
      vertex 45 3 1
    endloop
  endfacet
  facet normal 0 -1 0
    outer loop
      vertex 44 3 0
      vertex 45 3 1
      vertex 44 3 1
    endloop
  endfacet
  facet normal 1 0 0
    outer loop
      vertex 45 3 0
      vertex 45 4 0
      vertex 45 4 1
    endloop
  endfacet
  facet normal 1 0 0
    outer loop
      vertex 45 3 0
      vertex 45 4 1
      vertex 45 3 1
    endloop
  endfacet
  facet normal 0 1 0
    outer loop
      vertex 45 4 0
      vertex 44 4 0
      vertex 44 4 1
    endloop
  endfacet
  facet normal 0 1 0
    outer loop
      vertex 45 4 0
      vertex 44 4 1
      vertex 45 4 1
    endloop
  endfacet
  facet normal -1 0 0
    outer loop
      vertex 44 4 0
      vertex 44 3 0
      vertex 44 3 1
    endloop
  endfacet
  facet normal -1 0 0
    outer loop
      vertex 44 4 0
      vertex 44 3 1
      vertex 44 4 1
    endloop
  endfacet
  facet normal 0 0 -1
    outer loop
      vertex 46 3 0
      vertex 47 4 0
      vertex 47 3 0
    endloop
  endfacet
  facet normal 0 0 -1
    outer loop
      vertex 46 3 0
      vertex 46 4 0
      vertex 47 4 0
    endloop
  endfacet
  facet normal 0 0 1
    outer loop
      vertex 46 3 1
      vertex 47 3 1
      vertex 47 4 1
    endloop
  endfacet
  facet normal 0 0 1
    outer loop
      vertex 46 3 1
      vertex 47 4 1
      vertex 46 4 1
    endloop
  endfacet
  facet normal 0 -1 0
    outer loop
      vertex 46 3 0
      vertex 47 3 0
      vertex 47 3 1
    endloop
  endfacet
  facet normal 0 -1 0
    outer loop
      vertex 46 3 0
      vertex 47 3 1
      vertex 46 3 1
    endloop
  endfacet
  facet normal 1 0 0
    outer loop
      vertex 47 3 0
      vertex 47 4 0
      vertex 47 4 1
    endloop
  endfacet
  facet normal 1 0 0
    outer loop
      vertex 47 3 0
      vertex 47 4 1
      vertex 47 3 1
    endloop
  endfacet
  facet normal 0 1 0
    outer loop
      vertex 47 4 0
      vertex 46 4 0
      vertex 46 4 1
    endloop
  endfacet
  facet normal 0 1 0
    outer loop
      vertex 47 4 0
      vertex 46 4 1
      vertex 47 4 1
    endloop
  endfacet
  facet normal -1 0 0
    outer loop
      vertex 46 4 0
      vertex 46 3 0
      vertex 46 3 1
    endloop
  endfacet
  facet normal -1 0 0
    outer loop
      vertex 46 4 0
      vertex 46 3 1
      vertex 46 4 1
    endloop
  endfacet
  facet normal 0 0 -1
    outer loop
      vertex 42 2 0
      vertex 43 3 0
      vertex 43 2 0
    endloop
  endfacet
  facet normal 0 0 -1
    outer loop
      vertex 42 2 0
      vertex 42 3 0
      vertex 43 3 0
    endloop
  endfacet
  facet normal 0 0 1
    outer loop
      vertex 42 2 1
      vertex 43 2 1
      vertex 43 3 1
    endloop
  endfacet
  facet normal 0 0 1
    outer loop
      vertex 42 2 1
      vertex 43 3 1
      vertex 42 3 1
    endloop
  endfacet
  facet normal 0 -1 0
    outer loop
      vertex 42 2 0
      vertex 43 2 0
      vertex 43 2 1
    endloop
  endfacet
  facet normal 0 -1 0
    outer loop
      vertex 42 2 0
      vertex 43 2 1
      vertex 42 2 1
    endloop
  endfacet
  facet normal 1 0 0
    outer loop
      vertex 43 2 0
      vertex 43 3 0
      vertex 43 3 1
    endloop
  endfacet
  facet normal 1 0 0
    outer loop
      vertex 43 2 0
      vertex 43 3 1
      vertex 43 2 1
    endloop
  endfacet
  facet normal 0 1 0
    outer loop
      vertex 43 3 0
      vertex 42 3 0
      vertex 42 3 1
    endloop
  endfacet
  facet normal 0 1 0
    outer loop
      vertex 43 3 0
      vertex 42 3 1
      vertex 43 3 1
    endloop
  endfacet
  facet normal -1 0 0
    outer loop
      vertex 42 3 0
      vertex 42 2 0
      vertex 42 2 1
    endloop
  endfacet
  facet normal -1 0 0
    outer loop
      vertex 42 3 0
      vertex 42 2 1
      vertex 42 3 1
    endloop
  endfacet
  facet normal 0 0 -1
    outer loop
      vertex 44 2 0
      vertex 45 3 0
      vertex 45 2 0
    endloop
  endfacet
  facet normal 0 0 -1
    outer loop
      vertex 44 2 0
      vertex 44 3 0
      vertex 45 3 0
    endloop
  endfacet
  facet normal 0 0 1
    outer loop
      vertex 44 2 1
      vertex 45 2 1
      vertex 45 3 1
    endloop
  endfacet
  facet normal 0 0 1
    outer loop
      vertex 44 2 1
      vertex 45 3 1
      vertex 44 3 1
    endloop
  endfacet
  facet normal 0 -1 0
    outer loop
      vertex 44 2 0
      vertex 45 2 0
      vertex 45 2 1
    endloop
  endfacet
  facet normal 0 -1 0
    outer loop
      vertex 44 2 0
      vertex 45 2 1
      vertex 44 2 1
    endloop
  endfacet
  facet normal 1 0 0
    outer loop
      vertex 45 2 0
      vertex 45 3 0
      vertex 45 3 1
    endloop
  endfacet
  facet normal 1 0 0
    outer loop
      vertex 45 2 0
      vertex 45 3 1
      vertex 45 2 1
    endloop
  endfacet
  facet normal 0 1 0
    outer loop
      vertex 45 3 0
      vertex 44 3 0
      vertex 44 3 1
    endloop
  endfacet
  facet normal 0 1 0
    outer loop
      vertex 45 3 0
      vertex 44 3 1
      vertex 45 3 1
    endloop
  endfacet
  facet normal -1 0 0
    outer loop
      vertex 44 3 0
      vertex 44 2 0
      vertex 44 2 1
    endloop
  endfacet
  facet normal -1 0 0
    outer loop
      vertex 44 3 0
      vertex 44 2 1
      vertex 44 3 1
    endloop
  endfacet
  facet normal 0 0 -1
    outer loop
      vertex 46 2 0
      vertex 47 3 0
      vertex 47 2 0
    endloop
  endfacet
  facet normal 0 0 -1
    outer loop
      vertex 46 2 0
      vertex 46 3 0
      vertex 47 3 0
    endloop
  endfacet
  facet normal 0 0 1
    outer loop
      vertex 46 2 1
      vertex 47 2 1
      vertex 47 3 1
    endloop
  endfacet
  facet normal 0 0 1
    outer loop
      vertex 46 2 1
      vertex 47 3 1
      vertex 46 3 1
    endloop
  endfacet
  facet normal 0 -1 0
    outer loop
      vertex 46 2 0
      vertex 47 2 0
      vertex 47 2 1
    endloop
  endfacet
  facet normal 0 -1 0
    outer loop
      vertex 46 2 0
      vertex 47 2 1
      vertex 46 2 1
    endloop
  endfacet
  facet normal 1 0 0
    outer loop
      vertex 47 2 0
      vertex 47 3 0
      vertex 47 3 1
    endloop
  endfacet
  facet normal 1 0 0
    outer loop
      vertex 47 2 0
      vertex 47 3 1
      vertex 47 2 1
    endloop
  endfacet
  facet normal 0 1 0
    outer loop
      vertex 47 3 0
      vertex 46 3 0
      vertex 46 3 1
    endloop
  endfacet
  facet normal 0 1 0
    outer loop
      vertex 47 3 0
      vertex 46 3 1
      vertex 47 3 1
    endloop
  endfacet
  facet normal -1 0 0
    outer loop
      vertex 46 3 0
      vertex 46 2 0
      vertex 46 2 1
    endloop
  endfacet
  facet normal -1 0 0
    outer loop
      vertex 46 3 0
      vertex 46 2 1
      vertex 46 3 1
    endloop
  endfacet
  facet normal 0 0 -1
    outer loop
      vertex 42 1 0
      vertex 43 2 0
      vertex 43 1 0
    endloop
  endfacet
  facet normal 0 0 -1
    outer loop
      vertex 42 1 0
      vertex 42 2 0
      vertex 43 2 0
    endloop
  endfacet
  facet normal 0 0 1
    outer loop
      vertex 42 1 1
      vertex 43 1 1
      vertex 43 2 1
    endloop
  endfacet
  facet normal 0 0 1
    outer loop
      vertex 42 1 1
      vertex 43 2 1
      vertex 42 2 1
    endloop
  endfacet
  facet normal 0 -1 0
    outer loop
      vertex 42 1 0
      vertex 43 1 0
      vertex 43 1 1
    endloop
  endfacet
  facet normal 0 -1 0
    outer loop
      vertex 42 1 0
      vertex 43 1 1
      vertex 42 1 1
    endloop
  endfacet
  facet normal 1 0 0
    outer loop
      vertex 43 1 0
      vertex 43 2 0
      vertex 43 2 1
    endloop
  endfacet
  facet normal 1 0 0
    outer loop
      vertex 43 1 0
      vertex 43 2 1
      vertex 43 1 1
    endloop
  endfacet
  facet normal 0 1 0
    outer loop
      vertex 43 2 0
      vertex 42 2 0
      vertex 42 2 1
    endloop
  endfacet
  facet normal 0 1 0
    outer loop
      vertex 43 2 0
      vertex 42 2 1
      vertex 43 2 1
    endloop
  endfacet
  facet normal -1 0 0
    outer loop
      vertex 42 2 0
      vertex 42 1 0
      vertex 42 1 1
    endloop
  endfacet
  facet normal -1 0 0
    outer loop
      vertex 42 2 0
      vertex 42 1 1
      vertex 42 2 1
    endloop
  endfacet
  facet normal 0 0 -1
    outer loop
      vertex 44 1 0
      vertex 45 2 0
      vertex 45 1 0
    endloop
  endfacet
  facet normal 0 0 -1
    outer loop
      vertex 44 1 0
      vertex 44 2 0
      vertex 45 2 0
    endloop
  endfacet
  facet normal 0 0 1
    outer loop
      vertex 44 1 1
      vertex 45 1 1
      vertex 45 2 1
    endloop
  endfacet
  facet normal 0 0 1
    outer loop
      vertex 44 1 1
      vertex 45 2 1
      vertex 44 2 1
    endloop
  endfacet
  facet normal 0 -1 0
    outer loop
      vertex 44 1 0
      vertex 45 1 0
      vertex 45 1 1
    endloop
  endfacet
  facet normal 0 -1 0
    outer loop
      vertex 44 1 0
      vertex 45 1 1
      vertex 44 1 1
    endloop
  endfacet
  facet normal 1 0 0
    outer loop
      vertex 45 1 0
      vertex 45 2 0
      vertex 45 2 1
    endloop
  endfacet
  facet normal 1 0 0
    outer loop
      vertex 45 1 0
      vertex 45 2 1
      vertex 45 1 1
    endloop
  endfacet
  facet normal 0 1 0
    outer loop
      vertex 45 2 0
      vertex 44 2 0
      vertex 44 2 1
    endloop
  endfacet
  facet normal 0 1 0
    outer loop
      vertex 45 2 0
      vertex 44 2 1
      vertex 45 2 1
    endloop
  endfacet
  facet normal -1 0 0
    outer loop
      vertex 44 2 0
      vertex 44 1 0
      vertex 44 1 1
    endloop
  endfacet
  facet normal -1 0 0
    outer loop
      vertex 44 2 0
      vertex 44 1 1
      vertex 44 2 1
    endloop
  endfacet
  facet normal 0 0 -1
    outer loop
      vertex 46 1 0
      vertex 47 2 0
      vertex 47 1 0
    endloop
  endfacet
  facet normal 0 0 -1
    outer loop
      vertex 46 1 0
      vertex 46 2 0
      vertex 47 2 0
    endloop
  endfacet
  facet normal 0 0 1
    outer loop
      vertex 46 1 1
      vertex 47 1 1
      vertex 47 2 1
    endloop
  endfacet
  facet normal 0 0 1
    outer loop
      vertex 46 1 1
      vertex 47 2 1
      vertex 46 2 1
    endloop
  endfacet
  facet normal 0 -1 0
    outer loop
      vertex 46 1 0
      vertex 47 1 0
      vertex 47 1 1
    endloop
  endfacet
  facet normal 0 -1 0
    outer loop
      vertex 46 1 0
      vertex 47 1 1
      vertex 46 1 1
    endloop
  endfacet
  facet normal 1 0 0
    outer loop
      vertex 47 1 0
      vertex 47 2 0
      vertex 47 2 1
    endloop
  endfacet
  facet normal 1 0 0
    outer loop
      vertex 47 1 0
      vertex 47 2 1
      vertex 47 1 1
    endloop
  endfacet
  facet normal 0 1 0
    outer loop
      vertex 47 2 0
      vertex 46 2 0
      vertex 46 2 1
    endloop
  endfacet
  facet normal 0 1 0
    outer loop
      vertex 47 2 0
      vertex 46 2 1
      vertex 47 2 1
    endloop
  endfacet
  facet normal -1 0 0
    outer loop
      vertex 46 2 0
      vertex 46 1 0
      vertex 46 1 1
    endloop
  endfacet
  facet normal -1 0 0
    outer loop
      vertex 46 2 0
      vertex 46 1 1
      vertex 46 2 1
    endloop
  endfacet
  facet normal 0 0 -1
    outer loop
      vertex 43 0 0
      vertex 44 1 0
      vertex 44 0 0
    endloop
  endfacet
  facet normal 0 0 -1
    outer loop
      vertex 43 0 0
      vertex 43 1 0
      vertex 44 1 0
    endloop
  endfacet
  facet normal 0 0 1
    outer loop
      vertex 43 0 1
      vertex 44 0 1
      vertex 44 1 1
    endloop
  endfacet
  facet normal 0 0 1
    outer loop
      vertex 43 0 1
      vertex 44 1 1
      vertex 43 1 1
    endloop
  endfacet
  facet normal 0 -1 0
    outer loop
      vertex 43 0 0
      vertex 44 0 0
      vertex 44 0 1
    endloop
  endfacet
  facet normal 0 -1 0
    outer loop
      vertex 43 0 0
      vertex 44 0 1
      vertex 43 0 1
    endloop
  endfacet
  facet normal 1 0 0
    outer loop
      vertex 44 0 0
      vertex 44 1 0
      vertex 44 1 1
    endloop
  endfacet
  facet normal 1 0 0
    outer loop
      vertex 44 0 0
      vertex 44 1 1
      vertex 44 0 1
    endloop
  endfacet
  facet normal 0 1 0
    outer loop
      vertex 44 1 0
      vertex 43 1 0
      vertex 43 1 1
    endloop
  endfacet
  facet normal 0 1 0
    outer loop
      vertex 44 1 0
      vertex 43 1 1
      vertex 44 1 1
    endloop
  endfacet
  facet normal -1 0 0
    outer loop
      vertex 43 1 0
      vertex 43 0 0
      vertex 43 0 1
    endloop
  endfacet
  facet normal -1 0 0
    outer loop
      vertex 43 1 0
      vertex 43 0 1
      vertex 43 1 1
    endloop
  endfacet
  facet normal 0 0 -1
    outer loop
      vertex 45 0 0
      vertex 46 1 0
      vertex 46 0 0
    endloop
  endfacet
  facet normal 0 0 -1
    outer loop
      vertex 45 0 0
      vertex 45 1 0
      vertex 46 1 0
    endloop
  endfacet
  facet normal 0 0 1
    outer loop
      vertex 45 0 1
      vertex 46 0 1
      vertex 46 1 1
    endloop
  endfacet
  facet normal 0 0 1
    outer loop
      vertex 45 0 1
      vertex 46 1 1
      vertex 45 1 1
    endloop
  endfacet
  facet normal 0 -1 0
    outer loop
      vertex 45 0 0
      vertex 46 0 0
      vertex 46 0 1
    endloop
  endfacet
  facet normal 0 -1 0
    outer loop
      vertex 45 0 0
      vertex 46 0 1
      vertex 45 0 1
    endloop
  endfacet
  facet normal 1 0 0
    outer loop
      vertex 46 0 0
      vertex 46 1 0
      vertex 46 1 1
    endloop
  endfacet
  facet normal 1 0 0
    outer loop
      vertex 46 0 0
      vertex 46 1 1
      vertex 46 0 1
    endloop
  endfacet
  facet normal 0 1 0
    outer loop
      vertex 46 1 0
      vertex 45 1 0
      vertex 45 1 1
    endloop
  endfacet
  facet normal 0 1 0
    outer loop
      vertex 46 1 0
      vertex 45 1 1
      vertex 46 1 1
    endloop
  endfacet
  facet normal -1 0 0
    outer loop
      vertex 45 1 0
      vertex 45 0 0
      vertex 45 0 1
    endloop
  endfacet
  facet normal -1 0 0
    outer loop
      vertex 45 1 0
      vertex 45 0 1
      vertex 45 1 1
    endloop
  endfacet
  facet normal 0 0 -1
    outer loop
      vertex 49 4 0
      vertex 50 5 0
      vertex 50 4 0
    endloop
  endfacet
  facet normal 0 0 -1
    outer loop
      vertex 49 4 0
      vertex 49 5 0
      vertex 50 5 0
    endloop
  endfacet
  facet normal 0 0 1
    outer loop
      vertex 49 4 1
      vertex 50 4 1
      vertex 50 5 1
    endloop
  endfacet
  facet normal 0 0 1
    outer loop
      vertex 49 4 1
      vertex 50 5 1
      vertex 49 5 1
    endloop
  endfacet
  facet normal 0 -1 0
    outer loop
      vertex 49 4 0
      vertex 50 4 0
      vertex 50 4 1
    endloop
  endfacet
  facet normal 0 -1 0
    outer loop
      vertex 49 4 0
      vertex 50 4 1
      vertex 49 4 1
    endloop
  endfacet
  facet normal 1 0 0
    outer loop
      vertex 50 4 0
      vertex 50 5 0
      vertex 50 5 1
    endloop
  endfacet
  facet normal 1 0 0
    outer loop
      vertex 50 4 0
      vertex 50 5 1
      vertex 50 4 1
    endloop
  endfacet
  facet normal 0 1 0
    outer loop
      vertex 50 5 0
      vertex 49 5 0
      vertex 49 5 1
    endloop
  endfacet
  facet normal 0 1 0
    outer loop
      vertex 50 5 0
      vertex 49 5 1
      vertex 50 5 1
    endloop
  endfacet
  facet normal -1 0 0
    outer loop
      vertex 49 5 0
      vertex 49 4 0
      vertex 49 4 1
    endloop
  endfacet
  facet normal -1 0 0
    outer loop
      vertex 49 5 0
      vertex 49 4 1
      vertex 49 5 1
    endloop
  endfacet
  facet normal 0 0 -1
    outer loop
      vertex 50 4 0
      vertex 51 5 0
      vertex 51 4 0
    endloop
  endfacet
  facet normal 0 0 -1
    outer loop
      vertex 50 4 0
      vertex 50 5 0
      vertex 51 5 0
    endloop
  endfacet
  facet normal 0 0 1
    outer loop
      vertex 50 4 1
      vertex 51 4 1
      vertex 51 5 1
    endloop
  endfacet
  facet normal 0 0 1
    outer loop
      vertex 50 4 1
      vertex 51 5 1
      vertex 50 5 1
    endloop
  endfacet
  facet normal 0 -1 0
    outer loop
      vertex 50 4 0
      vertex 51 4 0
      vertex 51 4 1
    endloop
  endfacet
  facet normal 0 -1 0
    outer loop
      vertex 50 4 0
      vertex 51 4 1
      vertex 50 4 1
    endloop
  endfacet
  facet normal 1 0 0
    outer loop
      vertex 51 4 0
      vertex 51 5 0
      vertex 51 5 1
    endloop
  endfacet
  facet normal 1 0 0
    outer loop
      vertex 51 4 0
      vertex 51 5 1
      vertex 51 4 1
    endloop
  endfacet
  facet normal 0 1 0
    outer loop
      vertex 51 5 0
      vertex 50 5 0
      vertex 50 5 1
    endloop
  endfacet
  facet normal 0 1 0
    outer loop
      vertex 51 5 0
      vertex 50 5 1
      vertex 51 5 1
    endloop
  endfacet
  facet normal -1 0 0
    outer loop
      vertex 50 5 0
      vertex 50 4 0
      vertex 50 4 1
    endloop
  endfacet
  facet normal -1 0 0
    outer loop
      vertex 50 5 0
      vertex 50 4 1
      vertex 50 5 1
    endloop
  endfacet
  facet normal 0 0 -1
    outer loop
      vertex 51 4 0
      vertex 52 5 0
      vertex 52 4 0
    endloop
  endfacet
  facet normal 0 0 -1
    outer loop
      vertex 51 4 0
      vertex 51 5 0
      vertex 52 5 0
    endloop
  endfacet
  facet normal 0 0 1
    outer loop
      vertex 51 4 1
      vertex 52 4 1
      vertex 52 5 1
    endloop
  endfacet
  facet normal 0 0 1
    outer loop
      vertex 51 4 1
      vertex 52 5 1
      vertex 51 5 1
    endloop
  endfacet
  facet normal 0 -1 0
    outer loop
      vertex 51 4 0
      vertex 52 4 0
      vertex 52 4 1
    endloop
  endfacet
  facet normal 0 -1 0
    outer loop
      vertex 51 4 0
      vertex 52 4 1
      vertex 51 4 1
    endloop
  endfacet
  facet normal 1 0 0
    outer loop
      vertex 52 4 0
      vertex 52 5 0
      vertex 52 5 1
    endloop
  endfacet
  facet normal 1 0 0
    outer loop
      vertex 52 4 0
      vertex 52 5 1
      vertex 52 4 1
    endloop
  endfacet
  facet normal 0 1 0
    outer loop
      vertex 52 5 0
      vertex 51 5 0
      vertex 51 5 1
    endloop
  endfacet
  facet normal 0 1 0
    outer loop
      vertex 52 5 0
      vertex 51 5 1
      vertex 52 5 1
    endloop
  endfacet
  facet normal -1 0 0
    outer loop
      vertex 51 5 0
      vertex 51 4 0
      vertex 51 4 1
    endloop
  endfacet
  facet normal -1 0 0
    outer loop
      vertex 51 5 0
      vertex 51 4 1
      vertex 51 5 1
    endloop
  endfacet
  facet normal 0 0 -1
    outer loop
      vertex 48 3 0
      vertex 49 4 0
      vertex 49 3 0
    endloop
  endfacet
  facet normal 0 0 -1
    outer loop
      vertex 48 3 0
      vertex 48 4 0
      vertex 49 4 0
    endloop
  endfacet
  facet normal 0 0 1
    outer loop
      vertex 48 3 1
      vertex 49 3 1
      vertex 49 4 1
    endloop
  endfacet
  facet normal 0 0 1
    outer loop
      vertex 48 3 1
      vertex 49 4 1
      vertex 48 4 1
    endloop
  endfacet
  facet normal 0 -1 0
    outer loop
      vertex 48 3 0
      vertex 49 3 0
      vertex 49 3 1
    endloop
  endfacet
  facet normal 0 -1 0
    outer loop
      vertex 48 3 0
      vertex 49 3 1
      vertex 48 3 1
    endloop
  endfacet
  facet normal 1 0 0
    outer loop
      vertex 49 3 0
      vertex 49 4 0
      vertex 49 4 1
    endloop
  endfacet
  facet normal 1 0 0
    outer loop
      vertex 49 3 0
      vertex 49 4 1
      vertex 49 3 1
    endloop
  endfacet
  facet normal 0 1 0
    outer loop
      vertex 49 4 0
      vertex 48 4 0
      vertex 48 4 1
    endloop
  endfacet
  facet normal 0 1 0
    outer loop
      vertex 49 4 0
      vertex 48 4 1
      vertex 49 4 1
    endloop
  endfacet
  facet normal -1 0 0
    outer loop
      vertex 48 4 0
      vertex 48 3 0
      vertex 48 3 1
    endloop
  endfacet
  facet normal -1 0 0
    outer loop
      vertex 48 4 0
      vertex 48 3 1
      vertex 48 4 1
    endloop
  endfacet
  facet normal 0 0 -1
    outer loop
      vertex 52 3 0
      vertex 53 4 0
      vertex 53 3 0
    endloop
  endfacet
  facet normal 0 0 -1
    outer loop
      vertex 52 3 0
      vertex 52 4 0
      vertex 53 4 0
    endloop
  endfacet
  facet normal 0 0 1
    outer loop
      vertex 52 3 1
      vertex 53 3 1
      vertex 53 4 1
    endloop
  endfacet
  facet normal 0 0 1
    outer loop
      vertex 52 3 1
      vertex 53 4 1
      vertex 52 4 1
    endloop
  endfacet
  facet normal 0 -1 0
    outer loop
      vertex 52 3 0
      vertex 53 3 0
      vertex 53 3 1
    endloop
  endfacet
  facet normal 0 -1 0
    outer loop
      vertex 52 3 0
      vertex 53 3 1
      vertex 52 3 1
    endloop
  endfacet
  facet normal 1 0 0
    outer loop
      vertex 53 3 0
      vertex 53 4 0
      vertex 53 4 1
    endloop
  endfacet
  facet normal 1 0 0
    outer loop
      vertex 53 3 0
      vertex 53 4 1
      vertex 53 3 1
    endloop
  endfacet
  facet normal 0 1 0
    outer loop
      vertex 53 4 0
      vertex 52 4 0
      vertex 52 4 1
    endloop
  endfacet
  facet normal 0 1 0
    outer loop
      vertex 53 4 0
      vertex 52 4 1
      vertex 53 4 1
    endloop
  endfacet
  facet normal -1 0 0
    outer loop
      vertex 52 4 0
      vertex 52 3 0
      vertex 52 3 1
    endloop
  endfacet
  facet normal -1 0 0
    outer loop
      vertex 52 4 0
      vertex 52 3 1
      vertex 52 4 1
    endloop
  endfacet
  facet normal 0 0 -1
    outer loop
      vertex 48 2 0
      vertex 49 3 0
      vertex 49 2 0
    endloop
  endfacet
  facet normal 0 0 -1
    outer loop
      vertex 48 2 0
      vertex 48 3 0
      vertex 49 3 0
    endloop
  endfacet
  facet normal 0 0 1
    outer loop
      vertex 48 2 1
      vertex 49 2 1
      vertex 49 3 1
    endloop
  endfacet
  facet normal 0 0 1
    outer loop
      vertex 48 2 1
      vertex 49 3 1
      vertex 48 3 1
    endloop
  endfacet
  facet normal 0 -1 0
    outer loop
      vertex 48 2 0
      vertex 49 2 0
      vertex 49 2 1
    endloop
  endfacet
  facet normal 0 -1 0
    outer loop
      vertex 48 2 0
      vertex 49 2 1
      vertex 48 2 1
    endloop
  endfacet
  facet normal 1 0 0
    outer loop
      vertex 49 2 0
      vertex 49 3 0
      vertex 49 3 1
    endloop
  endfacet
  facet normal 1 0 0
    outer loop
      vertex 49 2 0
      vertex 49 3 1
      vertex 49 2 1
    endloop
  endfacet
  facet normal 0 1 0
    outer loop
      vertex 49 3 0
      vertex 48 3 0
      vertex 48 3 1
    endloop
  endfacet
  facet normal 0 1 0
    outer loop
      vertex 49 3 0
      vertex 48 3 1
      vertex 49 3 1
    endloop
  endfacet
  facet normal -1 0 0
    outer loop
      vertex 48 3 0
      vertex 48 2 0
      vertex 48 2 1
    endloop
  endfacet
  facet normal -1 0 0
    outer loop
      vertex 48 3 0
      vertex 48 2 1
      vertex 48 3 1
    endloop
  endfacet
  facet normal 0 0 -1
    outer loop
      vertex 52 2 0
      vertex 53 3 0
      vertex 53 2 0
    endloop
  endfacet
  facet normal 0 0 -1
    outer loop
      vertex 52 2 0
      vertex 52 3 0
      vertex 53 3 0
    endloop
  endfacet
  facet normal 0 0 1
    outer loop
      vertex 52 2 1
      vertex 53 2 1
      vertex 53 3 1
    endloop
  endfacet
  facet normal 0 0 1
    outer loop
      vertex 52 2 1
      vertex 53 3 1
      vertex 52 3 1
    endloop
  endfacet
  facet normal 0 -1 0
    outer loop
      vertex 52 2 0
      vertex 53 2 0
      vertex 53 2 1
    endloop
  endfacet
  facet normal 0 -1 0
    outer loop
      vertex 52 2 0
      vertex 53 2 1
      vertex 52 2 1
    endloop
  endfacet
  facet normal 1 0 0
    outer loop
      vertex 53 2 0
      vertex 53 3 0
      vertex 53 3 1
    endloop
  endfacet
  facet normal 1 0 0
    outer loop
      vertex 53 2 0
      vertex 53 3 1
      vertex 53 2 1
    endloop
  endfacet
  facet normal 0 1 0
    outer loop
      vertex 53 3 0
      vertex 52 3 0
      vertex 52 3 1
    endloop
  endfacet
  facet normal 0 1 0
    outer loop
      vertex 53 3 0
      vertex 52 3 1
      vertex 53 3 1
    endloop
  endfacet
  facet normal -1 0 0
    outer loop
      vertex 52 3 0
      vertex 52 2 0
      vertex 52 2 1
    endloop
  endfacet
  facet normal -1 0 0
    outer loop
      vertex 52 3 0
      vertex 52 2 1
      vertex 52 3 1
    endloop
  endfacet
  facet normal 0 0 -1
    outer loop
      vertex 48 1 0
      vertex 49 2 0
      vertex 49 1 0
    endloop
  endfacet
  facet normal 0 0 -1
    outer loop
      vertex 48 1 0
      vertex 48 2 0
      vertex 49 2 0
    endloop
  endfacet
  facet normal 0 0 1
    outer loop
      vertex 48 1 1
      vertex 49 1 1
      vertex 49 2 1
    endloop
  endfacet
  facet normal 0 0 1
    outer loop
      vertex 48 1 1
      vertex 49 2 1
      vertex 48 2 1
    endloop
  endfacet
  facet normal 0 -1 0
    outer loop
      vertex 48 1 0
      vertex 49 1 0
      vertex 49 1 1
    endloop
  endfacet
  facet normal 0 -1 0
    outer loop
      vertex 48 1 0
      vertex 49 1 1
      vertex 48 1 1
    endloop
  endfacet
  facet normal 1 0 0
    outer loop
      vertex 49 1 0
      vertex 49 2 0
      vertex 49 2 1
    endloop
  endfacet
  facet normal 1 0 0
    outer loop
      vertex 49 1 0
      vertex 49 2 1
      vertex 49 1 1
    endloop
  endfacet
  facet normal 0 1 0
    outer loop
      vertex 49 2 0
      vertex 48 2 0
      vertex 48 2 1
    endloop
  endfacet
  facet normal 0 1 0
    outer loop
      vertex 49 2 0
      vertex 48 2 1
      vertex 49 2 1
    endloop
  endfacet
  facet normal -1 0 0
    outer loop
      vertex 48 2 0
      vertex 48 1 0
      vertex 48 1 1
    endloop
  endfacet
  facet normal -1 0 0
    outer loop
      vertex 48 2 0
      vertex 48 1 1
      vertex 48 2 1
    endloop
  endfacet
  facet normal 0 0 -1
    outer loop
      vertex 52 1 0
      vertex 53 2 0
      vertex 53 1 0
    endloop
  endfacet
  facet normal 0 0 -1
    outer loop
      vertex 52 1 0
      vertex 52 2 0
      vertex 53 2 0
    endloop
  endfacet
  facet normal 0 0 1
    outer loop
      vertex 52 1 1
      vertex 53 1 1
      vertex 53 2 1
    endloop
  endfacet
  facet normal 0 0 1
    outer loop
      vertex 52 1 1
      vertex 53 2 1
      vertex 52 2 1
    endloop
  endfacet
  facet normal 0 -1 0
    outer loop
      vertex 52 1 0
      vertex 53 1 0
      vertex 53 1 1
    endloop
  endfacet
  facet normal 0 -1 0
    outer loop
      vertex 52 1 0
      vertex 53 1 1
      vertex 52 1 1
    endloop
  endfacet
  facet normal 1 0 0
    outer loop
      vertex 53 1 0
      vertex 53 2 0
      vertex 53 2 1
    endloop
  endfacet
  facet normal 1 0 0
    outer loop
      vertex 53 1 0
      vertex 53 2 1
      vertex 53 1 1
    endloop
  endfacet
  facet normal 0 1 0
    outer loop
      vertex 53 2 0
      vertex 52 2 0
      vertex 52 2 1
    endloop
  endfacet
  facet normal 0 1 0
    outer loop
      vertex 53 2 0
      vertex 52 2 1
      vertex 53 2 1
    endloop
  endfacet
  facet normal -1 0 0
    outer loop
      vertex 52 2 0
      vertex 52 1 0
      vertex 52 1 1
    endloop
  endfacet
  facet normal -1 0 0
    outer loop
      vertex 52 2 0
      vertex 52 1 1
      vertex 52 2 1
    endloop
  endfacet
  facet normal 0 0 -1
    outer loop
      vertex 49 0 0
      vertex 50 1 0
      vertex 50 0 0
    endloop
  endfacet
  facet normal 0 0 -1
    outer loop
      vertex 49 0 0
      vertex 49 1 0
      vertex 50 1 0
    endloop
  endfacet
  facet normal 0 0 1
    outer loop
      vertex 49 0 1
      vertex 50 0 1
      vertex 50 1 1
    endloop
  endfacet
  facet normal 0 0 1
    outer loop
      vertex 49 0 1
      vertex 50 1 1
      vertex 49 1 1
    endloop
  endfacet
  facet normal 0 -1 0
    outer loop
      vertex 49 0 0
      vertex 50 0 0
      vertex 50 0 1
    endloop
  endfacet
  facet normal 0 -1 0
    outer loop
      vertex 49 0 0
      vertex 50 0 1
      vertex 49 0 1
    endloop
  endfacet
  facet normal 1 0 0
    outer loop
      vertex 50 0 0
      vertex 50 1 0
      vertex 50 1 1
    endloop
  endfacet
  facet normal 1 0 0
    outer loop
      vertex 50 0 0
      vertex 50 1 1
      vertex 50 0 1
    endloop
  endfacet
  facet normal 0 1 0
    outer loop
      vertex 50 1 0
      vertex 49 1 0
      vertex 49 1 1
    endloop
  endfacet
  facet normal 0 1 0
    outer loop
      vertex 50 1 0
      vertex 49 1 1
      vertex 50 1 1
    endloop
  endfacet
  facet normal -1 0 0
    outer loop
      vertex 49 1 0
      vertex 49 0 0
      vertex 49 0 1
    endloop
  endfacet
  facet normal -1 0 0
    outer loop
      vertex 49 1 0
      vertex 49 0 1
      vertex 49 1 1
    endloop
  endfacet
  facet normal 0 0 -1
    outer loop
      vertex 50 0 0
      vertex 51 1 0
      vertex 51 0 0
    endloop
  endfacet
  facet normal 0 0 -1
    outer loop
      vertex 50 0 0
      vertex 50 1 0
      vertex 51 1 0
    endloop
  endfacet
  facet normal 0 0 1
    outer loop
      vertex 50 0 1
      vertex 51 0 1
      vertex 51 1 1
    endloop
  endfacet
  facet normal 0 0 1
    outer loop
      vertex 50 0 1
      vertex 51 1 1
      vertex 50 1 1
    endloop
  endfacet
  facet normal 0 -1 0
    outer loop
      vertex 50 0 0
      vertex 51 0 0
      vertex 51 0 1
    endloop
  endfacet
  facet normal 0 -1 0
    outer loop
      vertex 50 0 0
      vertex 51 0 1
      vertex 50 0 1
    endloop
  endfacet
  facet normal 1 0 0
    outer loop
      vertex 51 0 0
      vertex 51 1 0
      vertex 51 1 1
    endloop
  endfacet
  facet normal 1 0 0
    outer loop
      vertex 51 0 0
      vertex 51 1 1
      vertex 51 0 1
    endloop
  endfacet
  facet normal 0 1 0
    outer loop
      vertex 51 1 0
      vertex 50 1 0
      vertex 50 1 1
    endloop
  endfacet
  facet normal 0 1 0
    outer loop
      vertex 51 1 0
      vertex 50 1 1
      vertex 51 1 1
    endloop
  endfacet
  facet normal -1 0 0
    outer loop
      vertex 50 1 0
      vertex 50 0 0
      vertex 50 0 1
    endloop
  endfacet
  facet normal -1 0 0
    outer loop
      vertex 50 1 0
      vertex 50 0 1
      vertex 50 1 1
    endloop
  endfacet
  facet normal 0 0 -1
    outer loop
      vertex 51 0 0
      vertex 52 1 0
      vertex 52 0 0
    endloop
  endfacet
  facet normal 0 0 -1
    outer loop
      vertex 51 0 0
      vertex 51 1 0
      vertex 52 1 0
    endloop
  endfacet
  facet normal 0 0 1
    outer loop
      vertex 51 0 1
      vertex 52 0 1
      vertex 52 1 1
    endloop
  endfacet
  facet normal 0 0 1
    outer loop
      vertex 51 0 1
      vertex 52 1 1
      vertex 51 1 1
    endloop
  endfacet
  facet normal 0 -1 0
    outer loop
      vertex 51 0 0
      vertex 52 0 0
      vertex 52 0 1
    endloop
  endfacet
  facet normal 0 -1 0
    outer loop
      vertex 51 0 0
      vertex 52 0 1
      vertex 51 0 1
    endloop
  endfacet
  facet normal 1 0 0
    outer loop
      vertex 52 0 0
      vertex 52 1 0
      vertex 52 1 1
    endloop
  endfacet
  facet normal 1 0 0
    outer loop
      vertex 52 0 0
      vertex 52 1 1
      vertex 52 0 1
    endloop
  endfacet
  facet normal 0 1 0
    outer loop
      vertex 52 1 0
      vertex 51 1 0
      vertex 51 1 1
    endloop
  endfacet
  facet normal 0 1 0
    outer loop
      vertex 52 1 0
      vertex 51 1 1
      vertex 52 1 1
    endloop
  endfacet
  facet normal -1 0 0
    outer loop
      vertex 51 1 0
      vertex 51 0 0
      vertex 51 0 1
    endloop
  endfacet
  facet normal -1 0 0
    outer loop
      vertex 51 1 0
      vertex 51 0 1
      vertex 51 1 1
    endloop
  endfacet
  facet normal 0 0 -1
    outer loop
      vertex 54 4 0
      vertex 55 5 0
      vertex 55 4 0
    endloop
  endfacet
  facet normal 0 0 -1
    outer loop
      vertex 54 4 0
      vertex 54 5 0
      vertex 55 5 0
    endloop
  endfacet
  facet normal 0 0 1
    outer loop
      vertex 54 4 1
      vertex 55 4 1
      vertex 55 5 1
    endloop
  endfacet
  facet normal 0 0 1
    outer loop
      vertex 54 4 1
      vertex 55 5 1
      vertex 54 5 1
    endloop
  endfacet
  facet normal 0 -1 0
    outer loop
      vertex 54 4 0
      vertex 55 4 0
      vertex 55 4 1
    endloop
  endfacet
  facet normal 0 -1 0
    outer loop
      vertex 54 4 0
      vertex 55 4 1
      vertex 54 4 1
    endloop
  endfacet
  facet normal 1 0 0
    outer loop
      vertex 55 4 0
      vertex 55 5 0
      vertex 55 5 1
    endloop
  endfacet
  facet normal 1 0 0
    outer loop
      vertex 55 4 0
      vertex 55 5 1
      vertex 55 4 1
    endloop
  endfacet
  facet normal 0 1 0
    outer loop
      vertex 55 5 0
      vertex 54 5 0
      vertex 54 5 1
    endloop
  endfacet
  facet normal 0 1 0
    outer loop
      vertex 55 5 0
      vertex 54 5 1
      vertex 55 5 1
    endloop
  endfacet
  facet normal -1 0 0
    outer loop
      vertex 54 5 0
      vertex 54 4 0
      vertex 54 4 1
    endloop
  endfacet
  facet normal -1 0 0
    outer loop
      vertex 54 5 0
      vertex 54 4 1
      vertex 54 5 1
    endloop
  endfacet
  facet normal 0 0 -1
    outer loop
      vertex 56 4 0
      vertex 57 5 0
      vertex 57 4 0
    endloop
  endfacet
  facet normal 0 0 -1
    outer loop
      vertex 56 4 0
      vertex 56 5 0
      vertex 57 5 0
    endloop
  endfacet
  facet normal 0 0 1
    outer loop
      vertex 56 4 1
      vertex 57 4 1
      vertex 57 5 1
    endloop
  endfacet
  facet normal 0 0 1
    outer loop
      vertex 56 4 1
      vertex 57 5 1
      vertex 56 5 1
    endloop
  endfacet
  facet normal 0 -1 0
    outer loop
      vertex 56 4 0
      vertex 57 4 0
      vertex 57 4 1
    endloop
  endfacet
  facet normal 0 -1 0
    outer loop
      vertex 56 4 0
      vertex 57 4 1
      vertex 56 4 1
    endloop
  endfacet
  facet normal 1 0 0
    outer loop
      vertex 57 4 0
      vertex 57 5 0
      vertex 57 5 1
    endloop
  endfacet
  facet normal 1 0 0
    outer loop
      vertex 57 4 0
      vertex 57 5 1
      vertex 57 4 1
    endloop
  endfacet
  facet normal 0 1 0
    outer loop
      vertex 57 5 0
      vertex 56 5 0
      vertex 56 5 1
    endloop
  endfacet
  facet normal 0 1 0
    outer loop
      vertex 57 5 0
      vertex 56 5 1
      vertex 57 5 1
    endloop
  endfacet
  facet normal -1 0 0
    outer loop
      vertex 56 5 0
      vertex 56 4 0
      vertex 56 4 1
    endloop
  endfacet
  facet normal -1 0 0
    outer loop
      vertex 56 5 0
      vertex 56 4 1
      vertex 56 5 1
    endloop
  endfacet
  facet normal 0 0 -1
    outer loop
      vertex 57 4 0
      vertex 58 5 0
      vertex 58 4 0
    endloop
  endfacet
  facet normal 0 0 -1
    outer loop
      vertex 57 4 0
      vertex 57 5 0
      vertex 58 5 0
    endloop
  endfacet
  facet normal 0 0 1
    outer loop
      vertex 57 4 1
      vertex 58 4 1
      vertex 58 5 1
    endloop
  endfacet
  facet normal 0 0 1
    outer loop
      vertex 57 4 1
      vertex 58 5 1
      vertex 57 5 1
    endloop
  endfacet
  facet normal 0 -1 0
    outer loop
      vertex 57 4 0
      vertex 58 4 0
      vertex 58 4 1
    endloop
  endfacet
  facet normal 0 -1 0
    outer loop
      vertex 57 4 0
      vertex 58 4 1
      vertex 57 4 1
    endloop
  endfacet
  facet normal 1 0 0
    outer loop
      vertex 58 4 0
      vertex 58 5 0
      vertex 58 5 1
    endloop
  endfacet
  facet normal 1 0 0
    outer loop
      vertex 58 4 0
      vertex 58 5 1
      vertex 58 4 1
    endloop
  endfacet
  facet normal 0 1 0
    outer loop
      vertex 58 5 0
      vertex 57 5 0
      vertex 57 5 1
    endloop
  endfacet
  facet normal 0 1 0
    outer loop
      vertex 58 5 0
      vertex 57 5 1
      vertex 58 5 1
    endloop
  endfacet
  facet normal -1 0 0
    outer loop
      vertex 57 5 0
      vertex 57 4 0
      vertex 57 4 1
    endloop
  endfacet
  facet normal -1 0 0
    outer loop
      vertex 57 5 0
      vertex 57 4 1
      vertex 57 5 1
    endloop
  endfacet
  facet normal 0 0 -1
    outer loop
      vertex 54 3 0
      vertex 55 4 0
      vertex 55 3 0
    endloop
  endfacet
  facet normal 0 0 -1
    outer loop
      vertex 54 3 0
      vertex 54 4 0
      vertex 55 4 0
    endloop
  endfacet
  facet normal 0 0 1
    outer loop
      vertex 54 3 1
      vertex 55 3 1
      vertex 55 4 1
    endloop
  endfacet
  facet normal 0 0 1
    outer loop
      vertex 54 3 1
      vertex 55 4 1
      vertex 54 4 1
    endloop
  endfacet
  facet normal 0 -1 0
    outer loop
      vertex 54 3 0
      vertex 55 3 0
      vertex 55 3 1
    endloop
  endfacet
  facet normal 0 -1 0
    outer loop
      vertex 54 3 0
      vertex 55 3 1
      vertex 54 3 1
    endloop
  endfacet
  facet normal 1 0 0
    outer loop
      vertex 55 3 0
      vertex 55 4 0
      vertex 55 4 1
    endloop
  endfacet
  facet normal 1 0 0
    outer loop
      vertex 55 3 0
      vertex 55 4 1
      vertex 55 3 1
    endloop
  endfacet
  facet normal 0 1 0
    outer loop
      vertex 55 4 0
      vertex 54 4 0
      vertex 54 4 1
    endloop
  endfacet
  facet normal 0 1 0
    outer loop
      vertex 55 4 0
      vertex 54 4 1
      vertex 55 4 1
    endloop
  endfacet
  facet normal -1 0 0
    outer loop
      vertex 54 4 0
      vertex 54 3 0
      vertex 54 3 1
    endloop
  endfacet
  facet normal -1 0 0
    outer loop
      vertex 54 4 0
      vertex 54 3 1
      vertex 54 4 1
    endloop
  endfacet
  facet normal 0 0 -1
    outer loop
      vertex 55 3 0
      vertex 56 4 0
      vertex 56 3 0
    endloop
  endfacet
  facet normal 0 0 -1
    outer loop
      vertex 55 3 0
      vertex 55 4 0
      vertex 56 4 0
    endloop
  endfacet
  facet normal 0 0 1
    outer loop
      vertex 55 3 1
      vertex 56 3 1
      vertex 56 4 1
    endloop
  endfacet
  facet normal 0 0 1
    outer loop
      vertex 55 3 1
      vertex 56 4 1
      vertex 55 4 1
    endloop
  endfacet
  facet normal 0 -1 0
    outer loop
      vertex 55 3 0
      vertex 56 3 0
      vertex 56 3 1
    endloop
  endfacet
  facet normal 0 -1 0
    outer loop
      vertex 55 3 0
      vertex 56 3 1
      vertex 55 3 1
    endloop
  endfacet
  facet normal 1 0 0
    outer loop
      vertex 56 3 0
      vertex 56 4 0
      vertex 56 4 1
    endloop
  endfacet
  facet normal 1 0 0
    outer loop
      vertex 56 3 0
      vertex 56 4 1
      vertex 56 3 1
    endloop
  endfacet
  facet normal 0 1 0
    outer loop
      vertex 56 4 0
      vertex 55 4 0
      vertex 55 4 1
    endloop
  endfacet
  facet normal 0 1 0
    outer loop
      vertex 56 4 0
      vertex 55 4 1
      vertex 56 4 1
    endloop
  endfacet
  facet normal -1 0 0
    outer loop
      vertex 55 4 0
      vertex 55 3 0
      vertex 55 3 1
    endloop
  endfacet
  facet normal -1 0 0
    outer loop
      vertex 55 4 0
      vertex 55 3 1
      vertex 55 4 1
    endloop
  endfacet
  facet normal 0 0 -1
    outer loop
      vertex 58 3 0
      vertex 59 4 0
      vertex 59 3 0
    endloop
  endfacet
  facet normal 0 0 -1
    outer loop
      vertex 58 3 0
      vertex 58 4 0
      vertex 59 4 0
    endloop
  endfacet
  facet normal 0 0 1
    outer loop
      vertex 58 3 1
      vertex 59 3 1
      vertex 59 4 1
    endloop
  endfacet
  facet normal 0 0 1
    outer loop
      vertex 58 3 1
      vertex 59 4 1
      vertex 58 4 1
    endloop
  endfacet
  facet normal 0 -1 0
    outer loop
      vertex 58 3 0
      vertex 59 3 0
      vertex 59 3 1
    endloop
  endfacet
  facet normal 0 -1 0
    outer loop
      vertex 58 3 0
      vertex 59 3 1
      vertex 58 3 1
    endloop
  endfacet
  facet normal 1 0 0
    outer loop
      vertex 59 3 0
      vertex 59 4 0
      vertex 59 4 1
    endloop
  endfacet
  facet normal 1 0 0
    outer loop
      vertex 59 3 0
      vertex 59 4 1
      vertex 59 3 1
    endloop
  endfacet
  facet normal 0 1 0
    outer loop
      vertex 59 4 0
      vertex 58 4 0
      vertex 58 4 1
    endloop
  endfacet
  facet normal 0 1 0
    outer loop
      vertex 59 4 0
      vertex 58 4 1
      vertex 59 4 1
    endloop
  endfacet
  facet normal -1 0 0
    outer loop
      vertex 58 4 0
      vertex 58 3 0
      vertex 58 3 1
    endloop
  endfacet
  facet normal -1 0 0
    outer loop
      vertex 58 4 0
      vertex 58 3 1
      vertex 58 4 1
    endloop
  endfacet
  facet normal 0 0 -1
    outer loop
      vertex 54 2 0
      vertex 55 3 0
      vertex 55 2 0
    endloop
  endfacet
  facet normal 0 0 -1
    outer loop
      vertex 54 2 0
      vertex 54 3 0
      vertex 55 3 0
    endloop
  endfacet
  facet normal 0 0 1
    outer loop
      vertex 54 2 1
      vertex 55 2 1
      vertex 55 3 1
    endloop
  endfacet
  facet normal 0 0 1
    outer loop
      vertex 54 2 1
      vertex 55 3 1
      vertex 54 3 1
    endloop
  endfacet
  facet normal 0 -1 0
    outer loop
      vertex 54 2 0
      vertex 55 2 0
      vertex 55 2 1
    endloop
  endfacet
  facet normal 0 -1 0
    outer loop
      vertex 54 2 0
      vertex 55 2 1
      vertex 54 2 1
    endloop
  endfacet
  facet normal 1 0 0
    outer loop
      vertex 55 2 0
      vertex 55 3 0
      vertex 55 3 1
    endloop
  endfacet
  facet normal 1 0 0
    outer loop
      vertex 55 2 0
      vertex 55 3 1
      vertex 55 2 1
    endloop
  endfacet
  facet normal 0 1 0
    outer loop
      vertex 55 3 0
      vertex 54 3 0
      vertex 54 3 1
    endloop
  endfacet
  facet normal 0 1 0
    outer loop
      vertex 55 3 0
      vertex 54 3 1
      vertex 55 3 1
    endloop
  endfacet
  facet normal -1 0 0
    outer loop
      vertex 54 3 0
      vertex 54 2 0
      vertex 54 2 1
    endloop
  endfacet
  facet normal -1 0 0
    outer loop
      vertex 54 3 0
      vertex 54 2 1
      vertex 54 3 1
    endloop
  endfacet
  facet normal 0 0 -1
    outer loop
      vertex 54 1 0
      vertex 55 2 0
      vertex 55 1 0
    endloop
  endfacet
  facet normal 0 0 -1
    outer loop
      vertex 54 1 0
      vertex 54 2 0
      vertex 55 2 0
    endloop
  endfacet
  facet normal 0 0 1
    outer loop
      vertex 54 1 1
      vertex 55 1 1
      vertex 55 2 1
    endloop
  endfacet
  facet normal 0 0 1
    outer loop
      vertex 54 1 1
      vertex 55 2 1
      vertex 54 2 1
    endloop
  endfacet
  facet normal 0 -1 0
    outer loop
      vertex 54 1 0
      vertex 55 1 0
      vertex 55 1 1
    endloop
  endfacet
  facet normal 0 -1 0
    outer loop
      vertex 54 1 0
      vertex 55 1 1
      vertex 54 1 1
    endloop
  endfacet
  facet normal 1 0 0
    outer loop
      vertex 55 1 0
      vertex 55 2 0
      vertex 55 2 1
    endloop
  endfacet
  facet normal 1 0 0
    outer loop
      vertex 55 1 0
      vertex 55 2 1
      vertex 55 1 1
    endloop
  endfacet
  facet normal 0 1 0
    outer loop
      vertex 55 2 0
      vertex 54 2 0
      vertex 54 2 1
    endloop
  endfacet
  facet normal 0 1 0
    outer loop
      vertex 55 2 0
      vertex 54 2 1
      vertex 55 2 1
    endloop
  endfacet
  facet normal -1 0 0
    outer loop
      vertex 54 2 0
      vertex 54 1 0
      vertex 54 1 1
    endloop
  endfacet
  facet normal -1 0 0
    outer loop
      vertex 54 2 0
      vertex 54 1 1
      vertex 54 2 1
    endloop
  endfacet
  facet normal 0 0 -1
    outer loop
      vertex 54 0 0
      vertex 55 1 0
      vertex 55 0 0
    endloop
  endfacet
  facet normal 0 0 -1
    outer loop
      vertex 54 0 0
      vertex 54 1 0
      vertex 55 1 0
    endloop
  endfacet
  facet normal 0 0 1
    outer loop
      vertex 54 0 1
      vertex 55 0 1
      vertex 55 1 1
    endloop
  endfacet
  facet normal 0 0 1
    outer loop
      vertex 54 0 1
      vertex 55 1 1
      vertex 54 1 1
    endloop
  endfacet
  facet normal 0 -1 0
    outer loop
      vertex 54 0 0
      vertex 55 0 0
      vertex 55 0 1
    endloop
  endfacet
  facet normal 0 -1 0
    outer loop
      vertex 54 0 0
      vertex 55 0 1
      vertex 54 0 1
    endloop
  endfacet
  facet normal 1 0 0
    outer loop
      vertex 55 0 0
      vertex 55 1 0
      vertex 55 1 1
    endloop
  endfacet
  facet normal 1 0 0
    outer loop
      vertex 55 0 0
      vertex 55 1 1
      vertex 55 0 1
    endloop
  endfacet
  facet normal 0 1 0
    outer loop
      vertex 55 1 0
      vertex 54 1 0
      vertex 54 1 1
    endloop
  endfacet
  facet normal 0 1 0
    outer loop
      vertex 55 1 0
      vertex 54 1 1
      vertex 55 1 1
    endloop
  endfacet
  facet normal -1 0 0
    outer loop
      vertex 54 1 0
      vertex 54 0 0
      vertex 54 0 1
    endloop
  endfacet
  facet normal -1 0 0
    outer loop
      vertex 54 1 0
      vertex 54 0 1
      vertex 54 1 1
    endloop
  endfacet
  facet normal 0 0 -1
    outer loop
      vertex 62 6 0
      vertex 63 7 0
      vertex 63 6 0
    endloop
  endfacet
  facet normal 0 0 -1
    outer loop
      vertex 62 6 0
      vertex 62 7 0
      vertex 63 7 0
    endloop
  endfacet
  facet normal 0 0 1
    outer loop
      vertex 62 6 1
      vertex 63 6 1
      vertex 63 7 1
    endloop
  endfacet
  facet normal 0 0 1
    outer loop
      vertex 62 6 1
      vertex 63 7 1
      vertex 62 7 1
    endloop
  endfacet
  facet normal 0 -1 0
    outer loop
      vertex 62 6 0
      vertex 63 6 0
      vertex 63 6 1
    endloop
  endfacet
  facet normal 0 -1 0
    outer loop
      vertex 62 6 0
      vertex 63 6 1
      vertex 62 6 1
    endloop
  endfacet
  facet normal 1 0 0
    outer loop
      vertex 63 6 0
      vertex 63 7 0
      vertex 63 7 1
    endloop
  endfacet
  facet normal 1 0 0
    outer loop
      vertex 63 6 0
      vertex 63 7 1
      vertex 63 6 1
    endloop
  endfacet
  facet normal 0 1 0
    outer loop
      vertex 63 7 0
      vertex 62 7 0
      vertex 62 7 1
    endloop
  endfacet
  facet normal 0 1 0
    outer loop
      vertex 63 7 0
      vertex 62 7 1
      vertex 63 7 1
    endloop
  endfacet
  facet normal -1 0 0
    outer loop
      vertex 62 7 0
      vertex 62 6 0
      vertex 62 6 1
    endloop
  endfacet
  facet normal -1 0 0
    outer loop
      vertex 62 7 0
      vertex 62 6 1
      vertex 62 7 1
    endloop
  endfacet
  facet normal 0 0 -1
    outer loop
      vertex 63 6 0
      vertex 64 7 0
      vertex 64 6 0
    endloop
  endfacet
  facet normal 0 0 -1
    outer loop
      vertex 63 6 0
      vertex 63 7 0
      vertex 64 7 0
    endloop
  endfacet
  facet normal 0 0 1
    outer loop
      vertex 63 6 1
      vertex 64 6 1
      vertex 64 7 1
    endloop
  endfacet
  facet normal 0 0 1
    outer loop
      vertex 63 6 1
      vertex 64 7 1
      vertex 63 7 1
    endloop
  endfacet
  facet normal 0 -1 0
    outer loop
      vertex 63 6 0
      vertex 64 6 0
      vertex 64 6 1
    endloop
  endfacet
  facet normal 0 -1 0
    outer loop
      vertex 63 6 0
      vertex 64 6 1
      vertex 63 6 1
    endloop
  endfacet
  facet normal 1 0 0
    outer loop
      vertex 64 6 0
      vertex 64 7 0
      vertex 64 7 1
    endloop
  endfacet
  facet normal 1 0 0
    outer loop
      vertex 64 6 0
      vertex 64 7 1
      vertex 64 6 1
    endloop
  endfacet
  facet normal 0 1 0
    outer loop
      vertex 64 7 0
      vertex 63 7 0
      vertex 63 7 1
    endloop
  endfacet
  facet normal 0 1 0
    outer loop
      vertex 64 7 0
      vertex 63 7 1
      vertex 64 7 1
    endloop
  endfacet
  facet normal -1 0 0
    outer loop
      vertex 63 7 0
      vertex 63 6 0
      vertex 63 6 1
    endloop
  endfacet
  facet normal -1 0 0
    outer loop
      vertex 63 7 0
      vertex 63 6 1
      vertex 63 7 1
    endloop
  endfacet
  facet normal 0 0 -1
    outer loop
      vertex 63 5 0
      vertex 64 6 0
      vertex 64 5 0
    endloop
  endfacet
  facet normal 0 0 -1
    outer loop
      vertex 63 5 0
      vertex 63 6 0
      vertex 64 6 0
    endloop
  endfacet
  facet normal 0 0 1
    outer loop
      vertex 63 5 1
      vertex 64 5 1
      vertex 64 6 1
    endloop
  endfacet
  facet normal 0 0 1
    outer loop
      vertex 63 5 1
      vertex 64 6 1
      vertex 63 6 1
    endloop
  endfacet
  facet normal 0 -1 0
    outer loop
      vertex 63 5 0
      vertex 64 5 0
      vertex 64 5 1
    endloop
  endfacet
  facet normal 0 -1 0
    outer loop
      vertex 63 5 0
      vertex 64 5 1
      vertex 63 5 1
    endloop
  endfacet
  facet normal 1 0 0
    outer loop
      vertex 64 5 0
      vertex 64 6 0
      vertex 64 6 1
    endloop
  endfacet
  facet normal 1 0 0
    outer loop
      vertex 64 5 0
      vertex 64 6 1
      vertex 64 5 1
    endloop
  endfacet
  facet normal 0 1 0
    outer loop
      vertex 64 6 0
      vertex 63 6 0
      vertex 63 6 1
    endloop
  endfacet
  facet normal 0 1 0
    outer loop
      vertex 64 6 0
      vertex 63 6 1
      vertex 64 6 1
    endloop
  endfacet
  facet normal -1 0 0
    outer loop
      vertex 63 6 0
      vertex 63 5 0
      vertex 63 5 1
    endloop
  endfacet
  facet normal -1 0 0
    outer loop
      vertex 63 6 0
      vertex 63 5 1
      vertex 63 6 1
    endloop
  endfacet
  facet normal 0 0 -1
    outer loop
      vertex 63 4 0
      vertex 64 5 0
      vertex 64 4 0
    endloop
  endfacet
  facet normal 0 0 -1
    outer loop
      vertex 63 4 0
      vertex 63 5 0
      vertex 64 5 0
    endloop
  endfacet
  facet normal 0 0 1
    outer loop
      vertex 63 4 1
      vertex 64 4 1
      vertex 64 5 1
    endloop
  endfacet
  facet normal 0 0 1
    outer loop
      vertex 63 4 1
      vertex 64 5 1
      vertex 63 5 1
    endloop
  endfacet
  facet normal 0 -1 0
    outer loop
      vertex 63 4 0
      vertex 64 4 0
      vertex 64 4 1
    endloop
  endfacet
  facet normal 0 -1 0
    outer loop
      vertex 63 4 0
      vertex 64 4 1
      vertex 63 4 1
    endloop
  endfacet
  facet normal 1 0 0
    outer loop
      vertex 64 4 0
      vertex 64 5 0
      vertex 64 5 1
    endloop
  endfacet
  facet normal 1 0 0
    outer loop
      vertex 64 4 0
      vertex 64 5 1
      vertex 64 4 1
    endloop
  endfacet
  facet normal 0 1 0
    outer loop
      vertex 64 5 0
      vertex 63 5 0
      vertex 63 5 1
    endloop
  endfacet
  facet normal 0 1 0
    outer loop
      vertex 64 5 0
      vertex 63 5 1
      vertex 64 5 1
    endloop
  endfacet
  facet normal -1 0 0
    outer loop
      vertex 63 5 0
      vertex 63 4 0
      vertex 63 4 1
    endloop
  endfacet
  facet normal -1 0 0
    outer loop
      vertex 63 5 0
      vertex 63 4 1
      vertex 63 5 1
    endloop
  endfacet
  facet normal 0 0 -1
    outer loop
      vertex 63 3 0
      vertex 64 4 0
      vertex 64 3 0
    endloop
  endfacet
  facet normal 0 0 -1
    outer loop
      vertex 63 3 0
      vertex 63 4 0
      vertex 64 4 0
    endloop
  endfacet
  facet normal 0 0 1
    outer loop
      vertex 63 3 1
      vertex 64 3 1
      vertex 64 4 1
    endloop
  endfacet
  facet normal 0 0 1
    outer loop
      vertex 63 3 1
      vertex 64 4 1
      vertex 63 4 1
    endloop
  endfacet
  facet normal 0 -1 0
    outer loop
      vertex 63 3 0
      vertex 64 3 0
      vertex 64 3 1
    endloop
  endfacet
  facet normal 0 -1 0
    outer loop
      vertex 63 3 0
      vertex 64 3 1
      vertex 63 3 1
    endloop
  endfacet
  facet normal 1 0 0
    outer loop
      vertex 64 3 0
      vertex 64 4 0
      vertex 64 4 1
    endloop
  endfacet
  facet normal 1 0 0
    outer loop
      vertex 64 3 0
      vertex 64 4 1
      vertex 64 3 1
    endloop
  endfacet
  facet normal 0 1 0
    outer loop
      vertex 64 4 0
      vertex 63 4 0
      vertex 63 4 1
    endloop
  endfacet
  facet normal 0 1 0
    outer loop
      vertex 64 4 0
      vertex 63 4 1
      vertex 64 4 1
    endloop
  endfacet
  facet normal -1 0 0
    outer loop
      vertex 63 4 0
      vertex 63 3 0
      vertex 63 3 1
    endloop
  endfacet
  facet normal -1 0 0
    outer loop
      vertex 63 4 0
      vertex 63 3 1
      vertex 63 4 1
    endloop
  endfacet
  facet normal 0 0 -1
    outer loop
      vertex 63 2 0
      vertex 64 3 0
      vertex 64 2 0
    endloop
  endfacet
  facet normal 0 0 -1
    outer loop
      vertex 63 2 0
      vertex 63 3 0
      vertex 64 3 0
    endloop
  endfacet
  facet normal 0 0 1
    outer loop
      vertex 63 2 1
      vertex 64 2 1
      vertex 64 3 1
    endloop
  endfacet
  facet normal 0 0 1
    outer loop
      vertex 63 2 1
      vertex 64 3 1
      vertex 63 3 1
    endloop
  endfacet
  facet normal 0 -1 0
    outer loop
      vertex 63 2 0
      vertex 64 2 0
      vertex 64 2 1
    endloop
  endfacet
  facet normal 0 -1 0
    outer loop
      vertex 63 2 0
      vertex 64 2 1
      vertex 63 2 1
    endloop
  endfacet
  facet normal 1 0 0
    outer loop
      vertex 64 2 0
      vertex 64 3 0
      vertex 64 3 1
    endloop
  endfacet
  facet normal 1 0 0
    outer loop
      vertex 64 2 0
      vertex 64 3 1
      vertex 64 2 1
    endloop
  endfacet
  facet normal 0 1 0
    outer loop
      vertex 64 3 0
      vertex 63 3 0
      vertex 63 3 1
    endloop
  endfacet
  facet normal 0 1 0
    outer loop
      vertex 64 3 0
      vertex 63 3 1
      vertex 64 3 1
    endloop
  endfacet
  facet normal -1 0 0
    outer loop
      vertex 63 3 0
      vertex 63 2 0
      vertex 63 2 1
    endloop
  endfacet
  facet normal -1 0 0
    outer loop
      vertex 63 3 0
      vertex 63 2 1
      vertex 63 3 1
    endloop
  endfacet
  facet normal 0 0 -1
    outer loop
      vertex 63 1 0
      vertex 64 2 0
      vertex 64 1 0
    endloop
  endfacet
  facet normal 0 0 -1
    outer loop
      vertex 63 1 0
      vertex 63 2 0
      vertex 64 2 0
    endloop
  endfacet
  facet normal 0 0 1
    outer loop
      vertex 63 1 1
      vertex 64 1 1
      vertex 64 2 1
    endloop
  endfacet
  facet normal 0 0 1
    outer loop
      vertex 63 1 1
      vertex 64 2 1
      vertex 63 2 1
    endloop
  endfacet
  facet normal 0 -1 0
    outer loop
      vertex 63 1 0
      vertex 64 1 0
      vertex 64 1 1
    endloop
  endfacet
  facet normal 0 -1 0
    outer loop
      vertex 63 1 0
      vertex 64 1 1
      vertex 63 1 1
    endloop
  endfacet
  facet normal 1 0 0
    outer loop
      vertex 64 1 0
      vertex 64 2 0
      vertex 64 2 1
    endloop
  endfacet
  facet normal 1 0 0
    outer loop
      vertex 64 1 0
      vertex 64 2 1
      vertex 64 1 1
    endloop
  endfacet
  facet normal 0 1 0
    outer loop
      vertex 64 2 0
      vertex 63 2 0
      vertex 63 2 1
    endloop
  endfacet
  facet normal 0 1 0
    outer loop
      vertex 64 2 0
      vertex 63 2 1
      vertex 64 2 1
    endloop
  endfacet
  facet normal -1 0 0
    outer loop
      vertex 63 2 0
      vertex 63 1 0
      vertex 63 1 1
    endloop
  endfacet
  facet normal -1 0 0
    outer loop
      vertex 63 2 0
      vertex 63 1 1
      vertex 63 2 1
    endloop
  endfacet
  facet normal 0 0 -1
    outer loop
      vertex 62 0 0
      vertex 63 1 0
      vertex 63 0 0
    endloop
  endfacet
  facet normal 0 0 -1
    outer loop
      vertex 62 0 0
      vertex 62 1 0
      vertex 63 1 0
    endloop
  endfacet
  facet normal 0 0 1
    outer loop
      vertex 62 0 1
      vertex 63 0 1
      vertex 63 1 1
    endloop
  endfacet
  facet normal 0 0 1
    outer loop
      vertex 62 0 1
      vertex 63 1 1
      vertex 62 1 1
    endloop
  endfacet
  facet normal 0 -1 0
    outer loop
      vertex 62 0 0
      vertex 63 0 0
      vertex 63 0 1
    endloop
  endfacet
  facet normal 0 -1 0
    outer loop
      vertex 62 0 0
      vertex 63 0 1
      vertex 62 0 1
    endloop
  endfacet
  facet normal 1 0 0
    outer loop
      vertex 63 0 0
      vertex 63 1 0
      vertex 63 1 1
    endloop
  endfacet
  facet normal 1 0 0
    outer loop
      vertex 63 0 0
      vertex 63 1 1
      vertex 63 0 1
    endloop
  endfacet
  facet normal 0 1 0
    outer loop
      vertex 63 1 0
      vertex 62 1 0
      vertex 62 1 1
    endloop
  endfacet
  facet normal 0 1 0
    outer loop
      vertex 63 1 0
      vertex 62 1 1
      vertex 63 1 1
    endloop
  endfacet
  facet normal -1 0 0
    outer loop
      vertex 62 1 0
      vertex 62 0 0
      vertex 62 0 1
    endloop
  endfacet
  facet normal -1 0 0
    outer loop
      vertex 62 1 0
      vertex 62 0 1
      vertex 62 1 1
    endloop
  endfacet
  facet normal 0 0 -1
    outer loop
      vertex 63 0 0
      vertex 64 1 0
      vertex 64 0 0
    endloop
  endfacet
  facet normal 0 0 -1
    outer loop
      vertex 63 0 0
      vertex 63 1 0
      vertex 64 1 0
    endloop
  endfacet
  facet normal 0 0 1
    outer loop
      vertex 63 0 1
      vertex 64 0 1
      vertex 64 1 1
    endloop
  endfacet
  facet normal 0 0 1
    outer loop
      vertex 63 0 1
      vertex 64 1 1
      vertex 63 1 1
    endloop
  endfacet
  facet normal 0 -1 0
    outer loop
      vertex 63 0 0
      vertex 64 0 0
      vertex 64 0 1
    endloop
  endfacet
  facet normal 0 -1 0
    outer loop
      vertex 63 0 0
      vertex 64 0 1
      vertex 63 0 1
    endloop
  endfacet
  facet normal 1 0 0
    outer loop
      vertex 64 0 0
      vertex 64 1 0
      vertex 64 1 1
    endloop
  endfacet
  facet normal 1 0 0
    outer loop
      vertex 64 0 0
      vertex 64 1 1
      vertex 64 0 1
    endloop
  endfacet
  facet normal 0 1 0
    outer loop
      vertex 64 1 0
      vertex 63 1 0
      vertex 63 1 1
    endloop
  endfacet
  facet normal 0 1 0
    outer loop
      vertex 64 1 0
      vertex 63 1 1
      vertex 64 1 1
    endloop
  endfacet
  facet normal -1 0 0
    outer loop
      vertex 63 1 0
      vertex 63 0 0
      vertex 63 0 1
    endloop
  endfacet
  facet normal -1 0 0
    outer loop
      vertex 63 1 0
      vertex 63 0 1
      vertex 63 1 1
    endloop
  endfacet
  facet normal 0 0 -1
    outer loop
      vertex 64 0 0
      vertex 65 1 0
      vertex 65 0 0
    endloop
  endfacet
  facet normal 0 0 -1
    outer loop
      vertex 64 0 0
      vertex 64 1 0
      vertex 65 1 0
    endloop
  endfacet
  facet normal 0 0 1
    outer loop
      vertex 64 0 1
      vertex 65 0 1
      vertex 65 1 1
    endloop
  endfacet
  facet normal 0 0 1
    outer loop
      vertex 64 0 1
      vertex 65 1 1
      vertex 64 1 1
    endloop
  endfacet
  facet normal 0 -1 0
    outer loop
      vertex 64 0 0
      vertex 65 0 0
      vertex 65 0 1
    endloop
  endfacet
  facet normal 0 -1 0
    outer loop
      vertex 64 0 0
      vertex 65 0 1
      vertex 64 0 1
    endloop
  endfacet
  facet normal 1 0 0
    outer loop
      vertex 65 0 0
      vertex 65 1 0
      vertex 65 1 1
    endloop
  endfacet
  facet normal 1 0 0
    outer loop
      vertex 65 0 0
      vertex 65 1 1
      vertex 65 0 1
    endloop
  endfacet
  facet normal 0 1 0
    outer loop
      vertex 65 1 0
      vertex 64 1 0
      vertex 64 1 1
    endloop
  endfacet
  facet normal 0 1 0
    outer loop
      vertex 65 1 0
      vertex 64 1 1
      vertex 65 1 1
    endloop
  endfacet
  facet normal -1 0 0
    outer loop
      vertex 64 1 0
      vertex 64 0 0
      vertex 64 0 1
    endloop
  endfacet
  facet normal -1 0 0
    outer loop
      vertex 64 1 0
      vertex 64 0 1
      vertex 64 1 1
    endloop
  endfacet
  facet normal 0 0 -1
    outer loop
      vertex 70 6 0
      vertex 71 7 0
      vertex 71 6 0
    endloop
  endfacet
  facet normal 0 0 -1
    outer loop
      vertex 70 6 0
      vertex 70 7 0
      vertex 71 7 0
    endloop
  endfacet
  facet normal 0 0 1
    outer loop
      vertex 70 6 1
      vertex 71 6 1
      vertex 71 7 1
    endloop
  endfacet
  facet normal 0 0 1
    outer loop
      vertex 70 6 1
      vertex 71 7 1
      vertex 70 7 1
    endloop
  endfacet
  facet normal 0 -1 0
    outer loop
      vertex 70 6 0
      vertex 71 6 0
      vertex 71 6 1
    endloop
  endfacet
  facet normal 0 -1 0
    outer loop
      vertex 70 6 0
      vertex 71 6 1
      vertex 70 6 1
    endloop
  endfacet
  facet normal 1 0 0
    outer loop
      vertex 71 6 0
      vertex 71 7 0
      vertex 71 7 1
    endloop
  endfacet
  facet normal 1 0 0
    outer loop
      vertex 71 6 0
      vertex 71 7 1
      vertex 71 6 1
    endloop
  endfacet
  facet normal 0 1 0
    outer loop
      vertex 71 7 0
      vertex 70 7 0
      vertex 70 7 1
    endloop
  endfacet
  facet normal 0 1 0
    outer loop
      vertex 71 7 0
      vertex 70 7 1
      vertex 71 7 1
    endloop
  endfacet
  facet normal -1 0 0
    outer loop
      vertex 70 7 0
      vertex 70 6 0
      vertex 70 6 1
    endloop
  endfacet
  facet normal -1 0 0
    outer loop
      vertex 70 7 0
      vertex 70 6 1
      vertex 70 7 1
    endloop
  endfacet
  facet normal 0 0 -1
    outer loop
      vertex 70 5 0
      vertex 71 6 0
      vertex 71 5 0
    endloop
  endfacet
  facet normal 0 0 -1
    outer loop
      vertex 70 5 0
      vertex 70 6 0
      vertex 71 6 0
    endloop
  endfacet
  facet normal 0 0 1
    outer loop
      vertex 70 5 1
      vertex 71 5 1
      vertex 71 6 1
    endloop
  endfacet
  facet normal 0 0 1
    outer loop
      vertex 70 5 1
      vertex 71 6 1
      vertex 70 6 1
    endloop
  endfacet
  facet normal 0 -1 0
    outer loop
      vertex 70 5 0
      vertex 71 5 0
      vertex 71 5 1
    endloop
  endfacet
  facet normal 0 -1 0
    outer loop
      vertex 70 5 0
      vertex 71 5 1
      vertex 70 5 1
    endloop
  endfacet
  facet normal 1 0 0
    outer loop
      vertex 71 5 0
      vertex 71 6 0
      vertex 71 6 1
    endloop
  endfacet
  facet normal 1 0 0
    outer loop
      vertex 71 5 0
      vertex 71 6 1
      vertex 71 5 1
    endloop
  endfacet
  facet normal 0 1 0
    outer loop
      vertex 71 6 0
      vertex 70 6 0
      vertex 70 6 1
    endloop
  endfacet
  facet normal 0 1 0
    outer loop
      vertex 71 6 0
      vertex 70 6 1
      vertex 71 6 1
    endloop
  endfacet
  facet normal -1 0 0
    outer loop
      vertex 70 6 0
      vertex 70 5 0
      vertex 70 5 1
    endloop
  endfacet
  facet normal -1 0 0
    outer loop
      vertex 70 6 0
      vertex 70 5 1
      vertex 70 6 1
    endloop
  endfacet
  facet normal 0 0 -1
    outer loop
      vertex 67 4 0
      vertex 68 5 0
      vertex 68 4 0
    endloop
  endfacet
  facet normal 0 0 -1
    outer loop
      vertex 67 4 0
      vertex 67 5 0
      vertex 68 5 0
    endloop
  endfacet
  facet normal 0 0 1
    outer loop
      vertex 67 4 1
      vertex 68 4 1
      vertex 68 5 1
    endloop
  endfacet
  facet normal 0 0 1
    outer loop
      vertex 67 4 1
      vertex 68 5 1
      vertex 67 5 1
    endloop
  endfacet
  facet normal 0 -1 0
    outer loop
      vertex 67 4 0
      vertex 68 4 0
      vertex 68 4 1
    endloop
  endfacet
  facet normal 0 -1 0
    outer loop
      vertex 67 4 0
      vertex 68 4 1
      vertex 67 4 1
    endloop
  endfacet
  facet normal 1 0 0
    outer loop
      vertex 68 4 0
      vertex 68 5 0
      vertex 68 5 1
    endloop
  endfacet
  facet normal 1 0 0
    outer loop
      vertex 68 4 0
      vertex 68 5 1
      vertex 68 4 1
    endloop
  endfacet
  facet normal 0 1 0
    outer loop
      vertex 68 5 0
      vertex 67 5 0
      vertex 67 5 1
    endloop
  endfacet
  facet normal 0 1 0
    outer loop
      vertex 68 5 0
      vertex 67 5 1
      vertex 68 5 1
    endloop
  endfacet
  facet normal -1 0 0
    outer loop
      vertex 67 5 0
      vertex 67 4 0
      vertex 67 4 1
    endloop
  endfacet
  facet normal -1 0 0
    outer loop
      vertex 67 5 0
      vertex 67 4 1
      vertex 67 5 1
    endloop
  endfacet
  facet normal 0 0 -1
    outer loop
      vertex 68 4 0
      vertex 69 5 0
      vertex 69 4 0
    endloop
  endfacet
  facet normal 0 0 -1
    outer loop
      vertex 68 4 0
      vertex 68 5 0
      vertex 69 5 0
    endloop
  endfacet
  facet normal 0 0 1
    outer loop
      vertex 68 4 1
      vertex 69 4 1
      vertex 69 5 1
    endloop
  endfacet
  facet normal 0 0 1
    outer loop
      vertex 68 4 1
      vertex 69 5 1
      vertex 68 5 1
    endloop
  endfacet
  facet normal 0 -1 0
    outer loop
      vertex 68 4 0
      vertex 69 4 0
      vertex 69 4 1
    endloop
  endfacet
  facet normal 0 -1 0
    outer loop
      vertex 68 4 0
      vertex 69 4 1
      vertex 68 4 1
    endloop
  endfacet
  facet normal 1 0 0
    outer loop
      vertex 69 4 0
      vertex 69 5 0
      vertex 69 5 1
    endloop
  endfacet
  facet normal 1 0 0
    outer loop
      vertex 69 4 0
      vertex 69 5 1
      vertex 69 4 1
    endloop
  endfacet
  facet normal 0 1 0
    outer loop
      vertex 69 5 0
      vertex 68 5 0
      vertex 68 5 1
    endloop
  endfacet
  facet normal 0 1 0
    outer loop
      vertex 69 5 0
      vertex 68 5 1
      vertex 69 5 1
    endloop
  endfacet
  facet normal -1 0 0
    outer loop
      vertex 68 5 0
      vertex 68 4 0
      vertex 68 4 1
    endloop
  endfacet
  facet normal -1 0 0
    outer loop
      vertex 68 5 0
      vertex 68 4 1
      vertex 68 5 1
    endloop
  endfacet
  facet normal 0 0 -1
    outer loop
      vertex 70 4 0
      vertex 71 5 0
      vertex 71 4 0
    endloop
  endfacet
  facet normal 0 0 -1
    outer loop
      vertex 70 4 0
      vertex 70 5 0
      vertex 71 5 0
    endloop
  endfacet
  facet normal 0 0 1
    outer loop
      vertex 70 4 1
      vertex 71 4 1
      vertex 71 5 1
    endloop
  endfacet
  facet normal 0 0 1
    outer loop
      vertex 70 4 1
      vertex 71 5 1
      vertex 70 5 1
    endloop
  endfacet
  facet normal 0 -1 0
    outer loop
      vertex 70 4 0
      vertex 71 4 0
      vertex 71 4 1
    endloop
  endfacet
  facet normal 0 -1 0
    outer loop
      vertex 70 4 0
      vertex 71 4 1
      vertex 70 4 1
    endloop
  endfacet
  facet normal 1 0 0
    outer loop
      vertex 71 4 0
      vertex 71 5 0
      vertex 71 5 1
    endloop
  endfacet
  facet normal 1 0 0
    outer loop
      vertex 71 4 0
      vertex 71 5 1
      vertex 71 4 1
    endloop
  endfacet
  facet normal 0 1 0
    outer loop
      vertex 71 5 0
      vertex 70 5 0
      vertex 70 5 1
    endloop
  endfacet
  facet normal 0 1 0
    outer loop
      vertex 71 5 0
      vertex 70 5 1
      vertex 71 5 1
    endloop
  endfacet
  facet normal -1 0 0
    outer loop
      vertex 70 5 0
      vertex 70 4 0
      vertex 70 4 1
    endloop
  endfacet
  facet normal -1 0 0
    outer loop
      vertex 70 5 0
      vertex 70 4 1
      vertex 70 5 1
    endloop
  endfacet
  facet normal 0 0 -1
    outer loop
      vertex 66 3 0
      vertex 67 4 0
      vertex 67 3 0
    endloop
  endfacet
  facet normal 0 0 -1
    outer loop
      vertex 66 3 0
      vertex 66 4 0
      vertex 67 4 0
    endloop
  endfacet
  facet normal 0 0 1
    outer loop
      vertex 66 3 1
      vertex 67 3 1
      vertex 67 4 1
    endloop
  endfacet
  facet normal 0 0 1
    outer loop
      vertex 66 3 1
      vertex 67 4 1
      vertex 66 4 1
    endloop
  endfacet
  facet normal 0 -1 0
    outer loop
      vertex 66 3 0
      vertex 67 3 0
      vertex 67 3 1
    endloop
  endfacet
  facet normal 0 -1 0
    outer loop
      vertex 66 3 0
      vertex 67 3 1
      vertex 66 3 1
    endloop
  endfacet
  facet normal 1 0 0
    outer loop
      vertex 67 3 0
      vertex 67 4 0
      vertex 67 4 1
    endloop
  endfacet
  facet normal 1 0 0
    outer loop
      vertex 67 3 0
      vertex 67 4 1
      vertex 67 3 1
    endloop
  endfacet
  facet normal 0 1 0
    outer loop
      vertex 67 4 0
      vertex 66 4 0
      vertex 66 4 1
    endloop
  endfacet
  facet normal 0 1 0
    outer loop
      vertex 67 4 0
      vertex 66 4 1
      vertex 67 4 1
    endloop
  endfacet
  facet normal -1 0 0
    outer loop
      vertex 66 4 0
      vertex 66 3 0
      vertex 66 3 1
    endloop
  endfacet
  facet normal -1 0 0
    outer loop
      vertex 66 4 0
      vertex 66 3 1
      vertex 66 4 1
    endloop
  endfacet
  facet normal 0 0 -1
    outer loop
      vertex 69 3 0
      vertex 70 4 0
      vertex 70 3 0
    endloop
  endfacet
  facet normal 0 0 -1
    outer loop
      vertex 69 3 0
      vertex 69 4 0
      vertex 70 4 0
    endloop
  endfacet
  facet normal 0 0 1
    outer loop
      vertex 69 3 1
      vertex 70 3 1
      vertex 70 4 1
    endloop
  endfacet
  facet normal 0 0 1
    outer loop
      vertex 69 3 1
      vertex 70 4 1
      vertex 69 4 1
    endloop
  endfacet
  facet normal 0 -1 0
    outer loop
      vertex 69 3 0
      vertex 70 3 0
      vertex 70 3 1
    endloop
  endfacet
  facet normal 0 -1 0
    outer loop
      vertex 69 3 0
      vertex 70 3 1
      vertex 69 3 1
    endloop
  endfacet
  facet normal 1 0 0
    outer loop
      vertex 70 3 0
      vertex 70 4 0
      vertex 70 4 1
    endloop
  endfacet
  facet normal 1 0 0
    outer loop
      vertex 70 3 0
      vertex 70 4 1
      vertex 70 3 1
    endloop
  endfacet
  facet normal 0 1 0
    outer loop
      vertex 70 4 0
      vertex 69 4 0
      vertex 69 4 1
    endloop
  endfacet
  facet normal 0 1 0
    outer loop
      vertex 70 4 0
      vertex 69 4 1
      vertex 70 4 1
    endloop
  endfacet
  facet normal -1 0 0
    outer loop
      vertex 69 4 0
      vertex 69 3 0
      vertex 69 3 1
    endloop
  endfacet
  facet normal -1 0 0
    outer loop
      vertex 69 4 0
      vertex 69 3 1
      vertex 69 4 1
    endloop
  endfacet
  facet normal 0 0 -1
    outer loop
      vertex 70 3 0
      vertex 71 4 0
      vertex 71 3 0
    endloop
  endfacet
  facet normal 0 0 -1
    outer loop
      vertex 70 3 0
      vertex 70 4 0
      vertex 71 4 0
    endloop
  endfacet
  facet normal 0 0 1
    outer loop
      vertex 70 3 1
      vertex 71 3 1
      vertex 71 4 1
    endloop
  endfacet
  facet normal 0 0 1
    outer loop
      vertex 70 3 1
      vertex 71 4 1
      vertex 70 4 1
    endloop
  endfacet
  facet normal 0 -1 0
    outer loop
      vertex 70 3 0
      vertex 71 3 0
      vertex 71 3 1
    endloop
  endfacet
  facet normal 0 -1 0
    outer loop
      vertex 70 3 0
      vertex 71 3 1
      vertex 70 3 1
    endloop
  endfacet
  facet normal 1 0 0
    outer loop
      vertex 71 3 0
      vertex 71 4 0
      vertex 71 4 1
    endloop
  endfacet
  facet normal 1 0 0
    outer loop
      vertex 71 3 0
      vertex 71 4 1
      vertex 71 3 1
    endloop
  endfacet
  facet normal 0 1 0
    outer loop
      vertex 71 4 0
      vertex 70 4 0
      vertex 70 4 1
    endloop
  endfacet
  facet normal 0 1 0
    outer loop
      vertex 71 4 0
      vertex 70 4 1
      vertex 71 4 1
    endloop
  endfacet
  facet normal -1 0 0
    outer loop
      vertex 70 4 0
      vertex 70 3 0
      vertex 70 3 1
    endloop
  endfacet
  facet normal -1 0 0
    outer loop
      vertex 70 4 0
      vertex 70 3 1
      vertex 70 4 1
    endloop
  endfacet
  facet normal 0 0 -1
    outer loop
      vertex 66 2 0
      vertex 67 3 0
      vertex 67 2 0
    endloop
  endfacet
  facet normal 0 0 -1
    outer loop
      vertex 66 2 0
      vertex 66 3 0
      vertex 67 3 0
    endloop
  endfacet
  facet normal 0 0 1
    outer loop
      vertex 66 2 1
      vertex 67 2 1
      vertex 67 3 1
    endloop
  endfacet
  facet normal 0 0 1
    outer loop
      vertex 66 2 1
      vertex 67 3 1
      vertex 66 3 1
    endloop
  endfacet
  facet normal 0 -1 0
    outer loop
      vertex 66 2 0
      vertex 67 2 0
      vertex 67 2 1
    endloop
  endfacet
  facet normal 0 -1 0
    outer loop
      vertex 66 2 0
      vertex 67 2 1
      vertex 66 2 1
    endloop
  endfacet
  facet normal 1 0 0
    outer loop
      vertex 67 2 0
      vertex 67 3 0
      vertex 67 3 1
    endloop
  endfacet
  facet normal 1 0 0
    outer loop
      vertex 67 2 0
      vertex 67 3 1
      vertex 67 2 1
    endloop
  endfacet
  facet normal 0 1 0
    outer loop
      vertex 67 3 0
      vertex 66 3 0
      vertex 66 3 1
    endloop
  endfacet
  facet normal 0 1 0
    outer loop
      vertex 67 3 0
      vertex 66 3 1
      vertex 67 3 1
    endloop
  endfacet
  facet normal -1 0 0
    outer loop
      vertex 66 3 0
      vertex 66 2 0
      vertex 66 2 1
    endloop
  endfacet
  facet normal -1 0 0
    outer loop
      vertex 66 3 0
      vertex 66 2 1
      vertex 66 3 1
    endloop
  endfacet
  facet normal 0 0 -1
    outer loop
      vertex 70 2 0
      vertex 71 3 0
      vertex 71 2 0
    endloop
  endfacet
  facet normal 0 0 -1
    outer loop
      vertex 70 2 0
      vertex 70 3 0
      vertex 71 3 0
    endloop
  endfacet
  facet normal 0 0 1
    outer loop
      vertex 70 2 1
      vertex 71 2 1
      vertex 71 3 1
    endloop
  endfacet
  facet normal 0 0 1
    outer loop
      vertex 70 2 1
      vertex 71 3 1
      vertex 70 3 1
    endloop
  endfacet
  facet normal 0 -1 0
    outer loop
      vertex 70 2 0
      vertex 71 2 0
      vertex 71 2 1
    endloop
  endfacet
  facet normal 0 -1 0
    outer loop
      vertex 70 2 0
      vertex 71 2 1
      vertex 70 2 1
    endloop
  endfacet
  facet normal 1 0 0
    outer loop
      vertex 71 2 0
      vertex 71 3 0
      vertex 71 3 1
    endloop
  endfacet
  facet normal 1 0 0
    outer loop
      vertex 71 2 0
      vertex 71 3 1
      vertex 71 2 1
    endloop
  endfacet
  facet normal 0 1 0
    outer loop
      vertex 71 3 0
      vertex 70 3 0
      vertex 70 3 1
    endloop
  endfacet
  facet normal 0 1 0
    outer loop
      vertex 71 3 0
      vertex 70 3 1
      vertex 71 3 1
    endloop
  endfacet
  facet normal -1 0 0
    outer loop
      vertex 70 3 0
      vertex 70 2 0
      vertex 70 2 1
    endloop
  endfacet
  facet normal -1 0 0
    outer loop
      vertex 70 3 0
      vertex 70 2 1
      vertex 70 3 1
    endloop
  endfacet
  facet normal 0 0 -1
    outer loop
      vertex 66 1 0
      vertex 67 2 0
      vertex 67 1 0
    endloop
  endfacet
  facet normal 0 0 -1
    outer loop
      vertex 66 1 0
      vertex 66 2 0
      vertex 67 2 0
    endloop
  endfacet
  facet normal 0 0 1
    outer loop
      vertex 66 1 1
      vertex 67 1 1
      vertex 67 2 1
    endloop
  endfacet
  facet normal 0 0 1
    outer loop
      vertex 66 1 1
      vertex 67 2 1
      vertex 66 2 1
    endloop
  endfacet
  facet normal 0 -1 0
    outer loop
      vertex 66 1 0
      vertex 67 1 0
      vertex 67 1 1
    endloop
  endfacet
  facet normal 0 -1 0
    outer loop
      vertex 66 1 0
      vertex 67 1 1
      vertex 66 1 1
    endloop
  endfacet
  facet normal 1 0 0
    outer loop
      vertex 67 1 0
      vertex 67 2 0
      vertex 67 2 1
    endloop
  endfacet
  facet normal 1 0 0
    outer loop
      vertex 67 1 0
      vertex 67 2 1
      vertex 67 1 1
    endloop
  endfacet
  facet normal 0 1 0
    outer loop
      vertex 67 2 0
      vertex 66 2 0
      vertex 66 2 1
    endloop
  endfacet
  facet normal 0 1 0
    outer loop
      vertex 67 2 0
      vertex 66 2 1
      vertex 67 2 1
    endloop
  endfacet
  facet normal -1 0 0
    outer loop
      vertex 66 2 0
      vertex 66 1 0
      vertex 66 1 1
    endloop
  endfacet
  facet normal -1 0 0
    outer loop
      vertex 66 2 0
      vertex 66 1 1
      vertex 66 2 1
    endloop
  endfacet
  facet normal 0 0 -1
    outer loop
      vertex 70 1 0
      vertex 71 2 0
      vertex 71 1 0
    endloop
  endfacet
  facet normal 0 0 -1
    outer loop
      vertex 70 1 0
      vertex 70 2 0
      vertex 71 2 0
    endloop
  endfacet
  facet normal 0 0 1
    outer loop
      vertex 70 1 1
      vertex 71 1 1
      vertex 71 2 1
    endloop
  endfacet
  facet normal 0 0 1
    outer loop
      vertex 70 1 1
      vertex 71 2 1
      vertex 70 2 1
    endloop
  endfacet
  facet normal 0 -1 0
    outer loop
      vertex 70 1 0
      vertex 71 1 0
      vertex 71 1 1
    endloop
  endfacet
  facet normal 0 -1 0
    outer loop
      vertex 70 1 0
      vertex 71 1 1
      vertex 70 1 1
    endloop
  endfacet
  facet normal 1 0 0
    outer loop
      vertex 71 1 0
      vertex 71 2 0
      vertex 71 2 1
    endloop
  endfacet
  facet normal 1 0 0
    outer loop
      vertex 71 1 0
      vertex 71 2 1
      vertex 71 1 1
    endloop
  endfacet
  facet normal 0 1 0
    outer loop
      vertex 71 2 0
      vertex 70 2 0
      vertex 70 2 1
    endloop
  endfacet
  facet normal 0 1 0
    outer loop
      vertex 71 2 0
      vertex 70 2 1
      vertex 71 2 1
    endloop
  endfacet
  facet normal -1 0 0
    outer loop
      vertex 70 2 0
      vertex 70 1 0
      vertex 70 1 1
    endloop
  endfacet
  facet normal -1 0 0
    outer loop
      vertex 70 2 0
      vertex 70 1 1
      vertex 70 2 1
    endloop
  endfacet
  facet normal 0 0 -1
    outer loop
      vertex 67 0 0
      vertex 68 1 0
      vertex 68 0 0
    endloop
  endfacet
  facet normal 0 0 -1
    outer loop
      vertex 67 0 0
      vertex 67 1 0
      vertex 68 1 0
    endloop
  endfacet
  facet normal 0 0 1
    outer loop
      vertex 67 0 1
      vertex 68 0 1
      vertex 68 1 1
    endloop
  endfacet
  facet normal 0 0 1
    outer loop
      vertex 67 0 1
      vertex 68 1 1
      vertex 67 1 1
    endloop
  endfacet
  facet normal 0 -1 0
    outer loop
      vertex 67 0 0
      vertex 68 0 0
      vertex 68 0 1
    endloop
  endfacet
  facet normal 0 -1 0
    outer loop
      vertex 67 0 0
      vertex 68 0 1
      vertex 67 0 1
    endloop
  endfacet
  facet normal 1 0 0
    outer loop
      vertex 68 0 0
      vertex 68 1 0
      vertex 68 1 1
    endloop
  endfacet
  facet normal 1 0 0
    outer loop
      vertex 68 0 0
      vertex 68 1 1
      vertex 68 0 1
    endloop
  endfacet
  facet normal 0 1 0
    outer loop
      vertex 68 1 0
      vertex 67 1 0
      vertex 67 1 1
    endloop
  endfacet
  facet normal 0 1 0
    outer loop
      vertex 68 1 0
      vertex 67 1 1
      vertex 68 1 1
    endloop
  endfacet
  facet normal -1 0 0
    outer loop
      vertex 67 1 0
      vertex 67 0 0
      vertex 67 0 1
    endloop
  endfacet
  facet normal -1 0 0
    outer loop
      vertex 67 1 0
      vertex 67 0 1
      vertex 67 1 1
    endloop
  endfacet
  facet normal 0 0 -1
    outer loop
      vertex 68 0 0
      vertex 69 1 0
      vertex 69 0 0
    endloop
  endfacet
  facet normal 0 0 -1
    outer loop
      vertex 68 0 0
      vertex 68 1 0
      vertex 69 1 0
    endloop
  endfacet
  facet normal 0 0 1
    outer loop
      vertex 68 0 1
      vertex 69 0 1
      vertex 69 1 1
    endloop
  endfacet
  facet normal 0 0 1
    outer loop
      vertex 68 0 1
      vertex 69 1 1
      vertex 68 1 1
    endloop
  endfacet
  facet normal 0 -1 0
    outer loop
      vertex 68 0 0
      vertex 69 0 0
      vertex 69 0 1
    endloop
  endfacet
  facet normal 0 -1 0
    outer loop
      vertex 68 0 0
      vertex 69 0 1
      vertex 68 0 1
    endloop
  endfacet
  facet normal 1 0 0
    outer loop
      vertex 69 0 0
      vertex 69 1 0
      vertex 69 1 1
    endloop
  endfacet
  facet normal 1 0 0
    outer loop
      vertex 69 0 0
      vertex 69 1 1
      vertex 69 0 1
    endloop
  endfacet
  facet normal 0 1 0
    outer loop
      vertex 69 1 0
      vertex 68 1 0
      vertex 68 1 1
    endloop
  endfacet
  facet normal 0 1 0
    outer loop
      vertex 69 1 0
      vertex 68 1 1
      vertex 69 1 1
    endloop
  endfacet
  facet normal -1 0 0
    outer loop
      vertex 68 1 0
      vertex 68 0 0
      vertex 68 0 1
    endloop
  endfacet
  facet normal -1 0 0
    outer loop
      vertex 68 1 0
      vertex 68 0 1
      vertex 68 1 1
    endloop
  endfacet
  facet normal 0 0 -1
    outer loop
      vertex 69 0 0
      vertex 70 1 0
      vertex 70 0 0
    endloop
  endfacet
  facet normal 0 0 -1
    outer loop
      vertex 69 0 0
      vertex 69 1 0
      vertex 70 1 0
    endloop
  endfacet
  facet normal 0 0 1
    outer loop
      vertex 69 0 1
      vertex 70 0 1
      vertex 70 1 1
    endloop
  endfacet
  facet normal 0 0 1
    outer loop
      vertex 69 0 1
      vertex 70 1 1
      vertex 69 1 1
    endloop
  endfacet
  facet normal 0 -1 0
    outer loop
      vertex 69 0 0
      vertex 70 0 0
      vertex 70 0 1
    endloop
  endfacet
  facet normal 0 -1 0
    outer loop
      vertex 69 0 0
      vertex 70 0 1
      vertex 69 0 1
    endloop
  endfacet
  facet normal 1 0 0
    outer loop
      vertex 70 0 0
      vertex 70 1 0
      vertex 70 1 1
    endloop
  endfacet
  facet normal 1 0 0
    outer loop
      vertex 70 0 0
      vertex 70 1 1
      vertex 70 0 1
    endloop
  endfacet
  facet normal 0 1 0
    outer loop
      vertex 70 1 0
      vertex 69 1 0
      vertex 69 1 1
    endloop
  endfacet
  facet normal 0 1 0
    outer loop
      vertex 70 1 0
      vertex 69 1 1
      vertex 70 1 1
    endloop
  endfacet
  facet normal -1 0 0
    outer loop
      vertex 69 1 0
      vertex 69 0 0
      vertex 69 0 1
    endloop
  endfacet
  facet normal -1 0 0
    outer loop
      vertex 69 1 0
      vertex 69 0 1
      vertex 69 1 1
    endloop
  endfacet
  facet normal 0 0 -1
    outer loop
      vertex 70 0 0
      vertex 71 1 0
      vertex 71 0 0
    endloop
  endfacet
  facet normal 0 0 -1
    outer loop
      vertex 70 0 0
      vertex 70 1 0
      vertex 71 1 0
    endloop
  endfacet
  facet normal 0 0 1
    outer loop
      vertex 70 0 1
      vertex 71 0 1
      vertex 71 1 1
    endloop
  endfacet
  facet normal 0 0 1
    outer loop
      vertex 70 0 1
      vertex 71 1 1
      vertex 70 1 1
    endloop
  endfacet
  facet normal 0 -1 0
    outer loop
      vertex 70 0 0
      vertex 71 0 0
      vertex 71 0 1
    endloop
  endfacet
  facet normal 0 -1 0
    outer loop
      vertex 70 0 0
      vertex 71 0 1
      vertex 70 0 1
    endloop
  endfacet
  facet normal 1 0 0
    outer loop
      vertex 71 0 0
      vertex 71 1 0
      vertex 71 1 1
    endloop
  endfacet
  facet normal 1 0 0
    outer loop
      vertex 71 0 0
      vertex 71 1 1
      vertex 71 0 1
    endloop
  endfacet
  facet normal 0 1 0
    outer loop
      vertex 71 1 0
      vertex 70 1 0
      vertex 70 1 1
    endloop
  endfacet
  facet normal 0 1 0
    outer loop
      vertex 71 1 0
      vertex 70 1 1
      vertex 71 1 1
    endloop
  endfacet
  facet normal -1 0 0
    outer loop
      vertex 70 1 0
      vertex 70 0 0
      vertex 70 0 1
    endloop
  endfacet
  facet normal -1 0 0
    outer loop
      vertex 70 1 0
      vertex 70 0 1
      vertex 70 1 1
    endloop
  endfacet
  facet normal 0 0 -1
    outer loop
      vertex 74 6 0
      vertex 75 7 0
      vertex 75 6 0
    endloop
  endfacet
  facet normal 0 0 -1
    outer loop
      vertex 74 6 0
      vertex 74 7 0
      vertex 75 7 0
    endloop
  endfacet
  facet normal 0 0 1
    outer loop
      vertex 74 6 1
      vertex 75 6 1
      vertex 75 7 1
    endloop
  endfacet
  facet normal 0 0 1
    outer loop
      vertex 74 6 1
      vertex 75 7 1
      vertex 74 7 1
    endloop
  endfacet
  facet normal 0 -1 0
    outer loop
      vertex 74 6 0
      vertex 75 6 0
      vertex 75 6 1
    endloop
  endfacet
  facet normal 0 -1 0
    outer loop
      vertex 74 6 0
      vertex 75 6 1
      vertex 74 6 1
    endloop
  endfacet
  facet normal 1 0 0
    outer loop
      vertex 75 6 0
      vertex 75 7 0
      vertex 75 7 1
    endloop
  endfacet
  facet normal 1 0 0
    outer loop
      vertex 75 6 0
      vertex 75 7 1
      vertex 75 6 1
    endloop
  endfacet
  facet normal 0 1 0
    outer loop
      vertex 75 7 0
      vertex 74 7 0
      vertex 74 7 1
    endloop
  endfacet
  facet normal 0 1 0
    outer loop
      vertex 75 7 0
      vertex 74 7 1
      vertex 75 7 1
    endloop
  endfacet
  facet normal -1 0 0
    outer loop
      vertex 74 7 0
      vertex 74 6 0
      vertex 74 6 1
    endloop
  endfacet
  facet normal -1 0 0
    outer loop
      vertex 74 7 0
      vertex 74 6 1
      vertex 74 7 1
    endloop
  endfacet
  facet normal 0 0 -1
    outer loop
      vertex 74 5 0
      vertex 75 6 0
      vertex 75 5 0
    endloop
  endfacet
  facet normal 0 0 -1
    outer loop
      vertex 74 5 0
      vertex 74 6 0
      vertex 75 6 0
    endloop
  endfacet
  facet normal 0 0 1
    outer loop
      vertex 74 5 1
      vertex 75 5 1
      vertex 75 6 1
    endloop
  endfacet
  facet normal 0 0 1
    outer loop
      vertex 74 5 1
      vertex 75 6 1
      vertex 74 6 1
    endloop
  endfacet
  facet normal 0 -1 0
    outer loop
      vertex 74 5 0
      vertex 75 5 0
      vertex 75 5 1
    endloop
  endfacet
  facet normal 0 -1 0
    outer loop
      vertex 74 5 0
      vertex 75 5 1
      vertex 74 5 1
    endloop
  endfacet
  facet normal 1 0 0
    outer loop
      vertex 75 5 0
      vertex 75 6 0
      vertex 75 6 1
    endloop
  endfacet
  facet normal 1 0 0
    outer loop
      vertex 75 5 0
      vertex 75 6 1
      vertex 75 5 1
    endloop
  endfacet
  facet normal 0 1 0
    outer loop
      vertex 75 6 0
      vertex 74 6 0
      vertex 74 6 1
    endloop
  endfacet
  facet normal 0 1 0
    outer loop
      vertex 75 6 0
      vertex 74 6 1
      vertex 75 6 1
    endloop
  endfacet
  facet normal -1 0 0
    outer loop
      vertex 74 6 0
      vertex 74 5 0
      vertex 74 5 1
    endloop
  endfacet
  facet normal -1 0 0
    outer loop
      vertex 74 6 0
      vertex 74 5 1
      vertex 74 6 1
    endloop
  endfacet
  facet normal 0 0 -1
    outer loop
      vertex 74 4 0
      vertex 75 5 0
      vertex 75 4 0
    endloop
  endfacet
  facet normal 0 0 -1
    outer loop
      vertex 74 4 0
      vertex 74 5 0
      vertex 75 5 0
    endloop
  endfacet
  facet normal 0 0 1
    outer loop
      vertex 74 4 1
      vertex 75 4 1
      vertex 75 5 1
    endloop
  endfacet
  facet normal 0 0 1
    outer loop
      vertex 74 4 1
      vertex 75 5 1
      vertex 74 5 1
    endloop
  endfacet
  facet normal 0 -1 0
    outer loop
      vertex 74 4 0
      vertex 75 4 0
      vertex 75 4 1
    endloop
  endfacet
  facet normal 0 -1 0
    outer loop
      vertex 74 4 0
      vertex 75 4 1
      vertex 74 4 1
    endloop
  endfacet
  facet normal 1 0 0
    outer loop
      vertex 75 4 0
      vertex 75 5 0
      vertex 75 5 1
    endloop
  endfacet
  facet normal 1 0 0
    outer loop
      vertex 75 4 0
      vertex 75 5 1
      vertex 75 4 1
    endloop
  endfacet
  facet normal 0 1 0
    outer loop
      vertex 75 5 0
      vertex 74 5 0
      vertex 74 5 1
    endloop
  endfacet
  facet normal 0 1 0
    outer loop
      vertex 75 5 0
      vertex 74 5 1
      vertex 75 5 1
    endloop
  endfacet
  facet normal -1 0 0
    outer loop
      vertex 74 5 0
      vertex 74 4 0
      vertex 74 4 1
    endloop
  endfacet
  facet normal -1 0 0
    outer loop
      vertex 74 5 0
      vertex 74 4 1
      vertex 74 5 1
    endloop
  endfacet
  facet normal 0 0 -1
    outer loop
      vertex 74 3 0
      vertex 75 4 0
      vertex 75 3 0
    endloop
  endfacet
  facet normal 0 0 -1
    outer loop
      vertex 74 3 0
      vertex 74 4 0
      vertex 75 4 0
    endloop
  endfacet
  facet normal 0 0 1
    outer loop
      vertex 74 3 1
      vertex 75 3 1
      vertex 75 4 1
    endloop
  endfacet
  facet normal 0 0 1
    outer loop
      vertex 74 3 1
      vertex 75 4 1
      vertex 74 4 1
    endloop
  endfacet
  facet normal 0 -1 0
    outer loop
      vertex 74 3 0
      vertex 75 3 0
      vertex 75 3 1
    endloop
  endfacet
  facet normal 0 -1 0
    outer loop
      vertex 74 3 0
      vertex 75 3 1
      vertex 74 3 1
    endloop
  endfacet
  facet normal 1 0 0
    outer loop
      vertex 75 3 0
      vertex 75 4 0
      vertex 75 4 1
    endloop
  endfacet
  facet normal 1 0 0
    outer loop
      vertex 75 3 0
      vertex 75 4 1
      vertex 75 3 1
    endloop
  endfacet
  facet normal 0 1 0
    outer loop
      vertex 75 4 0
      vertex 74 4 0
      vertex 74 4 1
    endloop
  endfacet
  facet normal 0 1 0
    outer loop
      vertex 75 4 0
      vertex 74 4 1
      vertex 75 4 1
    endloop
  endfacet
  facet normal -1 0 0
    outer loop
      vertex 74 4 0
      vertex 74 3 0
      vertex 74 3 1
    endloop
  endfacet
  facet normal -1 0 0
    outer loop
      vertex 74 4 0
      vertex 74 3 1
      vertex 74 4 1
    endloop
  endfacet
  facet normal 0 0 -1
    outer loop
      vertex 74 2 0
      vertex 75 3 0
      vertex 75 2 0
    endloop
  endfacet
  facet normal 0 0 -1
    outer loop
      vertex 74 2 0
      vertex 74 3 0
      vertex 75 3 0
    endloop
  endfacet
  facet normal 0 0 1
    outer loop
      vertex 74 2 1
      vertex 75 2 1
      vertex 75 3 1
    endloop
  endfacet
  facet normal 0 0 1
    outer loop
      vertex 74 2 1
      vertex 75 3 1
      vertex 74 3 1
    endloop
  endfacet
  facet normal 0 -1 0
    outer loop
      vertex 74 2 0
      vertex 75 2 0
      vertex 75 2 1
    endloop
  endfacet
  facet normal 0 -1 0
    outer loop
      vertex 74 2 0
      vertex 75 2 1
      vertex 74 2 1
    endloop
  endfacet
  facet normal 1 0 0
    outer loop
      vertex 75 2 0
      vertex 75 3 0
      vertex 75 3 1
    endloop
  endfacet
  facet normal 1 0 0
    outer loop
      vertex 75 2 0
      vertex 75 3 1
      vertex 75 2 1
    endloop
  endfacet
  facet normal 0 1 0
    outer loop
      vertex 75 3 0
      vertex 74 3 0
      vertex 74 3 1
    endloop
  endfacet
  facet normal 0 1 0
    outer loop
      vertex 75 3 0
      vertex 74 3 1
      vertex 75 3 1
    endloop
  endfacet
  facet normal -1 0 0
    outer loop
      vertex 74 3 0
      vertex 74 2 0
      vertex 74 2 1
    endloop
  endfacet
  facet normal -1 0 0
    outer loop
      vertex 74 3 0
      vertex 74 2 1
      vertex 74 3 1
    endloop
  endfacet
  facet normal 0 0 -1
    outer loop
      vertex 74 0 0
      vertex 75 1 0
      vertex 75 0 0
    endloop
  endfacet
  facet normal 0 0 -1
    outer loop
      vertex 74 0 0
      vertex 74 1 0
      vertex 75 1 0
    endloop
  endfacet
  facet normal 0 0 1
    outer loop
      vertex 74 0 1
      vertex 75 0 1
      vertex 75 1 1
    endloop
  endfacet
  facet normal 0 0 1
    outer loop
      vertex 74 0 1
      vertex 75 1 1
      vertex 74 1 1
    endloop
  endfacet
  facet normal 0 -1 0
    outer loop
      vertex 74 0 0
      vertex 75 0 0
      vertex 75 0 1
    endloop
  endfacet
  facet normal 0 -1 0
    outer loop
      vertex 74 0 0
      vertex 75 0 1
      vertex 74 0 1
    endloop
  endfacet
  facet normal 1 0 0
    outer loop
      vertex 75 0 0
      vertex 75 1 0
      vertex 75 1 1
    endloop
  endfacet
  facet normal 1 0 0
    outer loop
      vertex 75 0 0
      vertex 75 1 1
      vertex 75 0 1
    endloop
  endfacet
  facet normal 0 1 0
    outer loop
      vertex 75 1 0
      vertex 74 1 0
      vertex 74 1 1
    endloop
  endfacet
  facet normal 0 1 0
    outer loop
      vertex 75 1 0
      vertex 74 1 1
      vertex 75 1 1
    endloop
  endfacet
  facet normal -1 0 0
    outer loop
      vertex 74 1 0
      vertex 74 0 0
      vertex 74 0 1
    endloop
  endfacet
  facet normal -1 0 0
    outer loop
      vertex 74 1 0
      vertex 74 0 1
      vertex 74 1 1
    endloop
  endfacet
endsolid greeting
